fixed acidity,volatile acidity,residual sugar,chlorides,free sulfur dioxide,total sulfur dioxide,pH,sulphates,alcohol,quality,quality_binned,sulfur_balance
7.4,0.7,1.9,0.076,11.0,34.0,3.51,0.56,9.4,5,Medium,0.3235294117647059
7.8,0.88,2.6,0.098,25.0,67.0,3.2,0.68,9.8,5,Medium,0.373134328358209
7.8,0.76,2.3,0.092,15.0,54.0,3.26,0.65,9.8,5,Medium,0.2777777777777778
11.2,0.28,1.9,0.075,17.0,60.0,3.16,0.58,9.8,6,Medium,0.2833333333333333
7.4,0.66,1.8,0.075,13.0,40.0,3.51,0.56,9.4,5,Medium,0.325
7.9,0.6,1.6,0.069,15.0,59.0,3.3,0.46,9.4,5,Medium,0.2542372881355932
7.3,0.65,1.2,0.065,15.0,21.0,3.39,0.47,10.0,7,High,0.7142857142857143
7.8,0.58,2.0,0.073,9.0,18.0,3.36,0.57,9.5,7,High,0.5
7.5,0.5,6.1,0.071,17.0,102.0,3.35,0.8,10.5,5,Medium,0.16666666666666666
6.7,0.58,1.8,0.097,15.0,65.0,3.28,0.54,9.2,5,Medium,0.23076923076923078
5.6,0.615,1.6,0.089,16.0,59.0,3.58,0.52,9.9,5,Medium,0.2711864406779661
7.8,0.61,1.6,0.114,9.0,29.0,3.26,1.56,9.1,5,Medium,0.3103448275862069
8.9,0.62,3.8,0.176,52.0,145.0,3.16,0.88,9.2,5,Medium,0.3586206896551724
8.9,0.62,3.9,0.17,51.0,148.0,3.17,0.93,9.2,5,Medium,0.34459459459459457
8.5,0.28,1.8,0.092,35.0,103.0,3.3,0.75,10.5,7,High,0.33980582524271846
8.1,0.56,1.7,0.368,16.0,56.0,3.11,1.28,9.3,5,Medium,0.2857142857142857
7.4,0.59,4.4,0.086,6.0,29.0,3.38,0.5,9.0,4,Low,0.20689655172413793
7.9,0.32,1.8,0.341,17.0,56.0,3.04,1.08,9.2,6,Medium,0.30357142857142855
8.9,0.22,1.8,0.077,29.0,60.0,3.39,0.53,9.4,6,Medium,0.48333333333333334
7.6,0.39,2.3,0.082,23.0,71.0,3.52,0.65,9.7,5,Medium,0.323943661971831
7.9,0.43,1.6,0.106,10.0,37.0,3.17,0.91,9.5,5,Medium,0.2702702702702703
8.5,0.49,2.3,0.084,9.0,67.0,3.17,0.53,9.4,5,Medium,0.13432835820895522
6.9,0.4,2.4,0.085,21.0,40.0,3.43,0.63,9.7,6,Medium,0.525
6.3,0.39,1.4,0.08,11.0,23.0,3.34,0.56,9.3,5,Medium,0.4782608695652174
7.6,0.41,1.8,0.08,4.0,11.0,3.28,0.59,9.5,5,Medium,0.36363636363636365
7.1,0.71,1.9,0.08,14.0,35.0,3.47,0.55,9.4,5,Medium,0.4
7.8,0.645,2.0,0.082,8.0,16.0,3.38,0.59,9.8,6,Medium,0.5
6.7,0.675,2.4,0.089,17.0,82.0,3.35,0.54,10.1,5,Medium,0.2073170731707317
6.9,0.685,2.5,0.105,22.0,37.0,3.46,0.57,10.6,6,Medium,0.5945945945945946
8.3,0.655,2.3,0.083,15.0,113.0,3.17,0.66,9.8,5,Medium,0.13274336283185842
6.9,0.605,10.7,0.073,40.0,83.0,3.45,0.52,9.4,6,Medium,0.4819277108433735
5.2,0.32,1.8,0.103,13.0,50.0,3.38,0.55,9.2,5,Medium,0.26
7.8,0.645,5.5,0.086,5.0,18.0,3.4,0.55,9.6,6,Medium,0.2777777777777778
7.8,0.6,2.4,0.086,3.0,15.0,3.42,0.6,10.8,6,Medium,0.2
8.1,0.38,2.1,0.066,13.0,30.0,3.23,0.73,9.7,7,High,0.43333333333333335
5.7,1.13,1.5,0.172,7.0,19.0,3.5,0.48,9.8,4,Low,0.3684210526315789
7.3,0.45,5.9,0.074,12.0,87.0,3.33,0.83,10.5,5,Medium,0.13793103448275862
8.8,0.61,2.8,0.088,17.0,46.0,3.26,0.51,9.3,4,Low,0.3695652173913043
7.5,0.49,2.6,0.332,8.0,14.0,3.21,0.9,10.5,6,Medium,0.5714285714285714
8.1,0.66,2.2,0.069,9.0,23.0,3.3,1.2,10.3,5,Medium,0.391304347826087
6.8,0.67,1.8,0.05,5.0,11.0,3.48,0.52,9.5,5,Medium,0.45454545454545453
4.6,0.52,2.1,0.054,8.0,65.0,3.9,0.56,13.1,4,Low,0.12307692307692308
7.7,0.935,2.2,0.114,22.0,114.0,3.25,0.73,9.2,5,Medium,0.19298245614035087
8.7,0.29,1.6,0.113,12.0,37.0,3.25,0.58,9.5,5,Medium,0.32432432432432434
6.4,0.4,1.6,0.066,5.0,12.0,3.34,0.56,9.2,5,Medium,0.4166666666666667
5.6,0.31,1.4,0.074,12.0,96.0,3.32,0.58,9.2,5,Medium,0.125
8.8,0.66,1.7,0.074,4.0,23.0,3.15,0.74,9.2,5,Medium,0.17391304347826086
6.6,0.52,2.2,0.069,8.0,15.0,3.4,0.63,9.4,6,Medium,0.5333333333333333
6.6,0.5,2.1,0.068,6.0,14.0,3.39,0.64,9.4,6,Medium,0.42857142857142855
8.6,0.38,3.0,0.081,30.0,119.0,3.2,0.56,9.4,5,Medium,0.25210084033613445
7.6,0.51,2.8,0.11,33.0,73.0,3.17,0.63,10.2,6,Medium,0.4520547945205479
7.7,0.62,3.8,0.084,25.0,45.0,3.34,0.53,9.5,5,Medium,0.5555555555555556
10.2,0.42,3.4,0.07,4.0,10.0,3.04,0.63,9.6,5,Medium,0.4
7.5,0.63,5.1,0.111,50.0,110.0,3.26,0.77,9.4,5,Medium,0.45454545454545453
7.8,0.59,2.3,0.076,17.0,54.0,3.43,0.59,10.0,5,Medium,0.3148148148148148
7.3,0.39,2.4,0.074,9.0,46.0,3.41,0.54,9.4,6,Medium,0.1956521739130435
8.8,0.4,2.2,0.079,19.0,52.0,3.44,0.64,9.2,5,Medium,0.36538461538461536
7.7,0.69,1.8,0.115,20.0,112.0,3.21,0.71,9.3,5,Medium,0.17857142857142858
7.5,0.52,1.9,0.085,12.0,35.0,3.38,0.62,9.5,7,High,0.34285714285714286
7.0,0.735,2.0,0.081,13.0,54.0,3.39,0.57,9.8,5,Medium,0.24074074074074073
7.2,0.725,4.65,0.086,4.0,11.0,3.41,0.39,10.9,5,Medium,0.36363636363636365
7.5,0.52,1.5,0.079,11.0,39.0,3.42,0.58,9.6,5,Medium,0.28205128205128205
6.6,0.705,1.6,0.076,6.0,15.0,3.44,0.58,10.7,5,Medium,0.4
9.3,0.32,2.0,0.074,27.0,65.0,3.28,0.79,10.7,5,Medium,0.4153846153846154
8.0,0.705,1.9,0.074,8.0,19.0,3.34,0.95,10.5,6,Medium,0.42105263157894735
7.7,0.63,1.9,0.076,15.0,27.0,3.32,0.54,9.5,6,Medium,0.5555555555555556
7.7,0.67,2.1,0.088,17.0,96.0,3.32,0.48,9.5,5,Medium,0.17708333333333334
7.7,0.69,1.9,0.084,18.0,94.0,3.31,0.48,9.5,5,Medium,0.19148936170212766
8.3,0.675,2.1,0.084,11.0,43.0,3.31,0.53,9.2,4,Low,0.2558139534883721
9.7,0.32,2.5,0.094,28.0,83.0,3.28,0.82,9.6,5,Medium,0.3373493975903614
8.8,0.41,2.2,0.093,9.0,42.0,3.54,0.66,10.5,5,Medium,0.21428571428571427
6.8,0.785,2.4,0.104,14.0,30.0,3.52,0.55,10.7,6,Medium,0.4666666666666667
6.7,0.75,2.0,0.086,12.0,80.0,3.38,0.52,10.1,5,Medium,0.15
8.3,0.625,1.5,0.08,27.0,119.0,3.16,1.12,9.1,4,Low,0.226890756302521
6.2,0.45,1.6,0.069,3.0,15.0,3.41,0.56,9.2,5,Medium,0.2
7.8,0.43,1.9,0.464,22.0,67.0,3.13,1.28,9.4,5,Medium,0.3283582089552239
7.4,0.5,2.0,0.086,21.0,73.0,3.36,0.57,9.1,5,Medium,0.2876712328767123
7.3,0.67,1.8,0.401,16.0,51.0,3.16,1.14,9.4,5,Medium,0.3137254901960784
6.3,0.3,1.8,0.069,18.0,61.0,3.44,0.78,10.3,6,Medium,0.29508196721311475
6.9,0.55,2.2,0.076,19.0,40.0,3.41,0.59,10.1,5,Medium,0.475
8.6,0.49,1.9,0.11,20.0,136.0,2.93,1.95,9.9,6,Medium,0.14705882352941177
7.7,0.49,1.9,0.062,9.0,31.0,3.39,0.64,9.6,5,Medium,0.2903225806451613
9.3,0.39,2.1,0.107,34.0,125.0,3.14,1.22,9.5,5,Medium,0.272
7.0,0.62,1.8,0.076,8.0,24.0,3.48,0.53,9.0,5,Medium,0.3333333333333333
7.9,0.52,1.9,0.079,42.0,140.0,3.23,0.54,9.5,5,Medium,0.3
8.6,0.49,2.0,0.11,19.0,133.0,2.93,1.98,9.8,5,Medium,0.14285714285714285
5.0,1.02,1.4,0.045,41.0,85.0,3.75,0.48,10.5,4,Low,0.4823529411764706
4.7,0.6,2.3,0.058,17.0,106.0,3.85,0.6,12.9,6,Medium,0.16037735849056603
6.8,0.775,3.0,0.102,8.0,23.0,3.45,0.56,10.7,5,Medium,0.34782608695652173
7.0,0.5,2.0,0.07,3.0,22.0,3.25,0.63,9.2,5,Medium,0.13636363636363635
7.6,0.9,2.5,0.079,5.0,10.0,3.39,0.56,9.8,5,Medium,0.5
8.1,0.545,1.9,0.08,13.0,35.0,3.3,0.59,9.0,6,Medium,0.37142857142857144
8.3,0.61,2.1,0.084,11.0,50.0,3.4,0.61,10.2,6,Medium,0.22
7.8,0.5,1.9,0.075,8.0,22.0,3.31,0.56,10.4,6,Medium,0.36363636363636365
8.1,0.575,2.1,0.077,12.0,65.0,3.29,0.51,9.2,5,Medium,0.18461538461538463
7.2,0.49,2.2,0.07,5.0,36.0,3.33,0.48,9.4,5,Medium,0.1388888888888889
7.8,0.41,1.7,0.467,18.0,69.0,3.08,1.31,9.3,5,Medium,0.2608695652173913
6.2,0.63,1.7,0.088,15.0,64.0,3.46,0.79,9.3,5,Medium,0.234375
8.0,0.33,2.5,0.091,18.0,80.0,3.37,0.8,9.6,6,Medium,0.225
8.1,0.785,2.0,0.122,37.0,153.0,3.21,0.69,9.3,5,Medium,0.24183006535947713
7.8,0.56,1.8,0.104,12.0,47.0,3.19,0.93,9.5,5,Medium,0.2553191489361702
8.4,0.62,2.2,0.084,11.0,108.0,3.15,0.66,9.8,5,Medium,0.10185185185185185
8.4,0.6,2.2,0.085,14.0,111.0,3.15,0.66,9.8,5,Medium,0.12612612612612611
10.1,0.31,2.3,0.08,22.0,46.0,3.32,0.67,9.7,6,Medium,0.4782608695652174
9.4,0.4,2.2,0.09,13.0,62.0,3.07,0.63,10.5,6,Medium,0.20967741935483872
8.3,0.54,1.9,0.077,11.0,40.0,3.39,0.61,10.0,6,Medium,0.275
7.8,0.56,2.0,0.082,7.0,28.0,3.37,0.5,9.4,6,Medium,0.25
8.8,0.55,2.2,0.119,14.0,56.0,3.21,0.6,10.9,6,Medium,0.25
7.0,0.69,1.8,0.097,22.0,89.0,3.34,0.54,9.2,6,Medium,0.24719101123595505
7.3,1.07,1.7,0.178,10.0,89.0,3.3,0.57,9.0,5,Medium,0.11235955056179775
7.3,0.695,2.5,0.075,3.0,13.0,3.49,0.52,9.2,5,Medium,0.23076923076923078
8.0,0.71,2.6,0.08,11.0,34.0,3.44,0.53,9.5,5,Medium,0.3235294117647059
7.8,0.5,1.6,0.082,21.0,102.0,3.39,0.48,9.5,5,Medium,0.20588235294117646
9.0,0.62,1.9,0.146,27.0,90.0,3.16,0.7,9.4,5,Medium,0.3
8.2,1.33,1.7,0.081,3.0,12.0,3.53,0.49,10.9,5,Medium,0.25
8.1,1.33,1.8,0.082,3.0,12.0,3.54,0.48,10.9,5,Medium,0.25
8.0,0.59,1.8,0.065,3.0,16.0,3.42,0.92,10.5,7,High,0.1875
6.1,0.38,1.8,0.072,6.0,19.0,3.42,0.57,9.4,5,Medium,0.3157894736842105
8.0,0.745,2.0,0.118,30.0,134.0,3.24,0.66,9.4,5,Medium,0.22388059701492538
5.6,0.5,2.3,0.049,17.0,99.0,3.63,0.63,13.0,5,Medium,0.1717171717171717
6.6,0.5,1.5,0.06,17.0,26.0,3.4,0.58,9.8,6,Medium,0.6538461538461539
7.9,1.04,2.2,0.084,13.0,29.0,3.22,0.55,9.9,6,Medium,0.4482758620689655
8.4,0.745,1.9,0.09,16.0,63.0,3.19,0.82,9.6,5,Medium,0.25396825396825395
8.3,0.715,1.8,0.089,10.0,52.0,3.23,0.77,9.5,5,Medium,0.19230769230769232
7.2,0.415,2.0,0.081,13.0,45.0,3.48,0.64,9.2,5,Medium,0.28888888888888886
7.8,0.56,2.1,0.081,15.0,105.0,3.33,0.54,9.5,5,Medium,0.14285714285714285
7.8,0.56,2.0,0.081,17.0,108.0,3.32,0.54,9.5,5,Medium,0.1574074074074074
5.2,0.34,1.8,0.05,27.0,63.0,3.68,0.79,14.0,6,Medium,0.42857142857142855
6.3,0.39,1.7,0.066,3.0,20.0,3.34,0.58,9.4,5,Medium,0.15
8.1,0.67,1.8,0.117,32.0,141.0,3.17,0.62,9.4,5,Medium,0.22695035460992907
5.8,0.68,1.8,0.087,21.0,94.0,3.54,0.52,10.0,5,Medium,0.22340425531914893
7.6,0.49,1.6,0.236,10.0,88.0,3.11,0.8,9.3,5,Medium,0.11363636363636363
6.9,0.49,2.3,0.074,12.0,30.0,3.42,0.58,10.2,6,Medium,0.4
8.2,0.4,2.8,0.089,11.0,43.0,3.53,0.61,10.5,6,Medium,0.2558139534883721
7.3,0.33,2.1,0.077,5.0,11.0,3.33,0.53,10.3,6,Medium,0.45454545454545453
9.2,0.52,3.4,0.61,32.0,69.0,2.74,2.0,9.4,4,Low,0.463768115942029
7.5,0.6,1.8,0.095,25.0,99.0,3.35,0.54,10.1,5,Medium,0.25252525252525254
7.1,0.43,5.5,0.07,29.0,129.0,3.42,0.72,10.5,5,Medium,0.2248062015503876
7.1,0.43,5.5,0.071,28.0,128.0,3.42,0.71,10.5,5,Medium,0.21875
7.1,0.68,2.2,0.073,12.0,22.0,3.48,0.5,9.3,5,Medium,0.5454545454545454
6.8,0.6,1.9,0.079,18.0,86.0,3.59,0.57,9.3,6,Medium,0.20930232558139536
7.6,0.95,2.0,0.09,7.0,20.0,3.2,0.56,9.6,5,Medium,0.35
7.6,0.68,1.3,0.072,9.0,20.0,3.17,1.08,9.2,4,Low,0.45
7.8,0.53,1.7,0.076,17.0,31.0,3.33,0.56,10.0,6,Medium,0.5483870967741935
7.4,0.6,7.3,0.07,36.0,121.0,3.37,0.49,9.4,5,Medium,0.2975206611570248
7.3,0.59,7.2,0.07,35.0,121.0,3.37,0.49,9.4,5,Medium,0.2892561983471074
7.8,0.63,1.7,0.1,14.0,96.0,3.19,0.62,9.5,5,Medium,0.14583333333333334
6.8,0.64,2.1,0.085,18.0,101.0,3.34,0.52,10.2,5,Medium,0.1782178217821782
7.3,0.55,1.6,0.072,17.0,42.0,3.37,0.48,9.0,4,Low,0.40476190476190477
6.8,0.63,2.1,0.089,11.0,44.0,3.47,0.55,10.4,6,Medium,0.25
7.5,0.705,1.8,0.36,15.0,63.0,3.0,1.59,9.5,5,Medium,0.23809523809523808
7.9,0.885,1.8,0.058,4.0,8.0,3.36,0.33,9.1,4,Low,0.5
8.0,0.42,2.0,0.073,6.0,18.0,3.29,0.61,9.2,6,Medium,0.3333333333333333
7.4,0.62,1.9,0.068,24.0,42.0,3.42,0.57,11.5,6,Medium,0.5714285714285714
7.3,0.38,2.0,0.08,7.0,35.0,3.33,0.47,9.5,5,Medium,0.2
6.9,0.5,1.5,0.085,19.0,49.0,3.35,0.78,9.5,5,Medium,0.3877551020408163
7.5,0.52,2.3,0.087,8.0,38.0,3.58,0.61,10.5,6,Medium,0.21052631578947367
7.0,0.805,2.5,0.068,7.0,20.0,3.48,0.56,9.6,5,Medium,0.35
8.8,0.61,2.4,0.067,10.0,42.0,3.19,0.59,9.5,5,Medium,0.23809523809523808
8.9,0.61,2.0,0.27,23.0,110.0,3.12,1.02,9.3,5,Medium,0.20909090909090908
7.2,0.73,2.5,0.076,16.0,42.0,3.44,0.52,9.3,5,Medium,0.38095238095238093
6.8,0.61,1.8,0.077,11.0,65.0,3.54,0.58,9.3,5,Medium,0.16923076923076924
6.7,0.62,1.9,0.079,8.0,62.0,3.52,0.58,9.3,6,Medium,0.12903225806451613
8.9,0.31,2.0,0.111,26.0,85.0,3.26,0.53,9.7,5,Medium,0.3058823529411765
7.4,0.39,2.0,0.082,14.0,67.0,3.34,0.55,9.2,5,Medium,0.208955223880597
7.7,0.705,2.6,0.084,9.0,26.0,3.39,0.49,9.7,5,Medium,0.34615384615384615
7.9,0.5,2.0,0.084,15.0,143.0,3.2,0.55,9.5,5,Medium,0.1048951048951049
7.9,0.49,1.9,0.082,17.0,144.0,3.2,0.55,9.5,5,Medium,0.11805555555555555
8.2,0.5,2.9,0.077,21.0,127.0,3.23,0.62,9.4,5,Medium,0.16535433070866143
6.4,0.37,1.9,0.074,21.0,49.0,3.57,0.62,9.8,6,Medium,0.42857142857142855
6.8,0.63,3.8,0.099,16.0,126.0,3.28,0.61,9.5,5,Medium,0.12698412698412698
7.6,0.55,2.2,0.071,7.0,28.0,3.28,0.55,9.7,5,Medium,0.25
7.8,0.59,2.0,0.074,24.0,120.0,3.25,0.54,9.4,5,Medium,0.2
7.3,0.58,2.4,0.074,15.0,55.0,3.46,0.59,10.2,5,Medium,0.2727272727272727
11.5,0.3,2.0,0.067,12.0,27.0,3.11,0.97,10.1,6,Medium,0.4444444444444444
5.4,0.835,1.2,0.046,13.0,93.0,3.57,0.85,13.0,7,High,0.13978494623655913
6.9,1.09,2.1,0.061,12.0,31.0,3.51,0.43,11.4,4,Low,0.3870967741935484
9.6,0.32,1.4,0.056,9.0,24.0,3.22,0.82,10.3,7,High,0.375
8.8,0.37,2.1,0.097,39.0,145.0,3.04,1.03,9.3,5,Medium,0.2689655172413793
6.8,0.5,1.5,0.075,16.0,49.0,3.36,0.79,9.5,5,Medium,0.32653061224489793
7.0,0.42,1.6,0.088,16.0,39.0,3.34,0.55,9.2,5,Medium,0.41025641025641024
7.0,0.43,1.6,0.089,14.0,37.0,3.34,0.56,9.2,6,Medium,0.3783783783783784
12.8,0.3,2.6,0.095,9.0,28.0,3.2,0.77,10.8,7,High,0.32142857142857145
7.8,0.57,1.8,0.069,26.0,120.0,3.29,0.53,9.3,5,Medium,0.21666666666666667
7.8,0.44,2.7,0.1,18.0,95.0,3.22,0.67,9.4,5,Medium,0.18947368421052632
11.0,0.3,2.1,0.054,7.0,19.0,3.31,0.88,10.5,7,High,0.3684210526315789
9.7,0.53,2.0,0.039,5.0,19.0,3.3,0.86,12.4,6,Medium,0.2631578947368421
8.0,0.725,2.8,0.083,10.0,62.0,3.35,0.56,10.0,6,Medium,0.16129032258064516
11.6,0.44,2.1,0.059,5.0,15.0,3.21,0.67,10.2,6,Medium,0.3333333333333333
8.2,0.57,2.2,0.06,28.0,65.0,3.3,0.43,10.1,5,Medium,0.4307692307692308
7.8,0.735,2.4,0.092,10.0,41.0,3.24,0.71,9.8,6,Medium,0.24390243902439024
7.0,0.49,5.6,0.06,26.0,121.0,3.34,0.76,10.5,5,Medium,0.21487603305785125
8.7,0.625,2.0,0.101,13.0,49.0,3.14,0.57,11.0,5,Medium,0.2653061224489796
8.1,0.725,2.2,0.072,11.0,41.0,3.36,0.55,9.1,5,Medium,0.2682926829268293
7.5,0.49,1.9,0.076,10.0,44.0,3.39,0.54,9.7,5,Medium,0.22727272727272727
7.8,0.53,2.4,0.08,24.0,144.0,3.3,0.6,9.5,5,Medium,0.16666666666666666
7.8,0.34,2.0,0.082,24.0,58.0,3.34,0.59,9.4,6,Medium,0.41379310344827586
7.4,0.53,2.0,0.101,16.0,72.0,3.15,0.57,9.4,5,Medium,0.2222222222222222
6.8,0.61,1.5,0.057,5.0,10.0,3.42,0.6,9.5,5,Medium,0.5
8.6,0.645,2.0,0.083,8.0,28.0,3.28,0.6,10.0,6,Medium,0.2857142857142857
8.4,0.635,2.0,0.089,15.0,55.0,3.31,0.57,10.4,4,Low,0.2727272727272727
7.7,0.43,2.6,0.073,29.0,63.0,3.37,0.58,10.5,6,Medium,0.4603174603174603
8.9,0.59,2.0,0.337,27.0,81.0,3.04,1.61,9.5,6,Medium,0.3333333333333333
9.0,0.82,2.6,0.089,9.0,23.0,3.39,0.63,9.8,5,Medium,0.391304347826087
6.9,0.52,2.6,0.081,10.0,37.0,3.46,0.5,11.0,5,Medium,0.2702702702702703
5.2,0.48,1.6,0.054,19.0,106.0,3.54,0.62,12.2,7,High,0.1792452830188679
8.0,0.38,1.8,0.078,12.0,49.0,3.37,0.52,9.9,6,Medium,0.24489795918367346
8.5,0.37,2.8,0.09,18.0,58.0,3.34,0.7,9.6,6,Medium,0.3103448275862069
8.2,1.0,2.3,0.065,7.0,37.0,3.32,0.55,9.0,6,Medium,0.1891891891891892
7.2,0.63,1.9,0.097,14.0,38.0,3.37,0.58,9.0,6,Medium,0.3684210526315789
7.2,0.645,1.9,0.097,15.0,39.0,3.37,0.58,9.2,6,Medium,0.38461538461538464
8.9,0.635,1.7,0.263,5.0,62.0,3.0,1.09,9.3,5,Medium,0.08064516129032258
12.0,0.38,2.1,0.093,6.0,24.0,3.14,0.71,10.9,6,Medium,0.25
7.7,0.58,1.8,0.102,28.0,109.0,3.08,0.49,9.8,6,Medium,0.25688073394495414
15.0,0.21,2.2,0.075,10.0,24.0,3.07,0.84,9.2,7,High,0.4166666666666667
7.3,0.66,2.0,0.084,6.0,23.0,3.61,0.96,9.9,6,Medium,0.2608695652173913
7.1,0.68,1.9,0.075,16.0,51.0,3.38,0.52,9.5,5,Medium,0.3137254901960784
8.2,0.6,2.3,0.072,11.0,73.0,3.2,0.45,9.3,5,Medium,0.1506849315068493
7.7,0.53,1.7,0.074,9.0,39.0,3.35,0.48,9.8,6,Medium,0.23076923076923078
10.8,0.32,1.6,0.063,16.0,37.0,3.22,0.78,10.0,6,Medium,0.43243243243243246
7.1,0.6,1.8,0.074,16.0,34.0,3.47,0.7,9.9,6,Medium,0.47058823529411764
11.1,0.35,3.1,0.09,5.0,21.0,3.17,0.53,10.5,5,Medium,0.23809523809523808
7.7,0.775,1.9,0.092,8.0,86.0,3.23,0.59,9.5,5,Medium,0.09302325581395349
8.0,0.57,3.2,0.073,17.0,119.0,3.26,0.57,9.3,5,Medium,0.14285714285714285
9.4,0.34,2.2,0.075,5.0,13.0,3.22,0.62,9.2,5,Medium,0.38461538461538464
6.6,0.695,2.1,0.075,12.0,56.0,3.49,0.67,9.2,5,Medium,0.21428571428571427
7.7,0.41,1.8,0.611,8.0,45.0,3.06,1.26,9.4,5,Medium,0.17777777777777778
10.0,0.31,2.6,0.085,14.0,33.0,3.36,0.8,10.5,7,High,0.42424242424242425
7.9,0.33,1.7,0.077,18.0,45.0,3.29,0.65,9.3,5,Medium,0.4
7.0,0.975,2.0,0.087,12.0,67.0,3.35,0.6,9.4,4,Low,0.1791044776119403
8.0,0.52,1.7,0.07,10.0,35.0,3.34,0.57,10.0,5,Medium,0.2857142857142857
7.9,0.37,1.8,0.077,23.0,49.0,3.28,0.67,9.3,5,Medium,0.46938775510204084
12.5,0.56,2.4,0.064,5.0,27.0,3.08,0.87,10.9,5,Medium,0.18518518518518517
11.8,0.26,1.8,0.071,6.0,10.0,3.2,0.72,10.2,7,High,0.6
8.1,0.87,3.3,0.096,26.0,61.0,3.6,0.72,9.8,4,Low,0.4262295081967213
7.9,0.35,3.6,0.078,15.0,37.0,3.35,0.86,12.8,8,,0.40540540540540543
6.9,0.54,3.0,0.077,7.0,27.0,3.69,0.91,9.4,6,Medium,0.25925925925925924
11.5,0.18,4.0,0.104,4.0,23.0,3.28,0.97,10.1,6,Medium,0.17391304347826086
7.9,0.545,4.0,0.087,27.0,61.0,3.36,0.67,10.7,6,Medium,0.4426229508196721
10.9,0.37,4.0,0.071,17.0,65.0,3.22,0.78,10.1,5,Medium,0.26153846153846155
8.4,0.715,2.4,0.076,10.0,38.0,3.31,0.64,9.4,5,Medium,0.2631578947368421
7.5,0.65,7.0,0.088,27.0,94.0,3.38,0.77,9.4,5,Medium,0.2872340425531915
10.3,0.32,6.4,0.073,5.0,13.0,3.23,0.82,12.6,8,,0.38461538461538464
8.9,0.4,5.6,0.087,10.0,47.0,3.38,0.77,10.5,7,High,0.2127659574468085
11.4,0.26,3.6,0.071,6.0,19.0,3.12,0.82,9.3,6,Medium,0.3157894736842105
7.7,0.27,3.5,0.358,5.0,10.0,3.25,1.08,9.9,7,High,0.5
7.6,0.52,3.0,0.067,12.0,53.0,3.36,0.57,9.1,5,Medium,0.22641509433962265
9.9,0.59,3.4,0.102,32.0,71.0,3.31,0.71,9.8,5,Medium,0.4507042253521127
12.0,0.45,2.0,0.073,25.0,49.0,3.1,0.76,10.3,6,Medium,0.5102040816326531
7.5,0.4,3.0,0.092,29.0,53.0,3.37,0.7,10.3,6,Medium,0.5471698113207547
8.7,0.52,2.5,0.091,20.0,49.0,3.34,0.86,10.6,7,High,0.40816326530612246
11.6,0.42,3.3,0.105,33.0,98.0,3.2,0.95,9.2,5,Medium,0.336734693877551
11.0,0.2,2.0,0.343,6.0,18.0,3.3,0.71,10.5,5,Medium,0.3333333333333333
10.4,0.55,2.7,0.091,18.0,48.0,3.22,0.64,10.3,6,Medium,0.375
6.9,0.36,2.4,0.098,5.0,16.0,3.41,0.6,10.1,6,Medium,0.3125
13.3,0.34,3.2,0.094,17.0,53.0,3.05,0.81,9.5,6,Medium,0.32075471698113206
10.8,0.5,2.5,0.073,5.0,27.0,3.05,0.64,9.5,5,Medium,0.18518518518518517
10.6,0.83,2.6,0.086,26.0,70.0,3.16,0.52,9.9,5,Medium,0.37142857142857144
7.1,0.63,2.0,0.083,8.0,29.0,3.67,0.73,9.6,5,Medium,0.27586206896551724
7.2,0.65,2.3,0.094,5.0,31.0,3.67,0.8,9.7,5,Medium,0.16129032258064516
6.9,0.67,2.1,0.08,8.0,33.0,3.68,0.71,9.6,5,Medium,0.24242424242424243
7.5,0.53,2.6,0.086,20.0,44.0,3.38,0.59,10.7,6,Medium,0.45454545454545453
11.1,0.18,1.5,0.068,7.0,15.0,3.22,0.64,10.1,6,Medium,0.4666666666666667
8.3,0.705,2.6,0.092,12.0,28.0,3.51,0.72,10.0,5,Medium,0.42857142857142855
7.4,0.67,1.6,0.186,5.0,21.0,3.39,0.54,9.5,5,Medium,0.23809523809523808
8.4,0.65,2.1,0.112,12.0,90.0,3.2,0.52,9.2,5,Medium,0.13333333333333333
10.3,0.53,2.5,0.063,6.0,25.0,3.12,0.59,9.3,6,Medium,0.24
7.6,0.62,2.2,0.082,7.0,54.0,3.36,0.52,9.4,5,Medium,0.12962962962962962
10.3,0.41,2.4,0.213,6.0,14.0,3.19,0.62,9.5,6,Medium,0.42857142857142855
10.3,0.43,2.4,0.214,5.0,12.0,3.19,0.63,9.5,6,Medium,0.4166666666666667
7.4,0.29,1.7,0.062,9.0,30.0,3.41,0.53,9.5,6,Medium,0.3
7.9,0.53,2.0,0.072,15.0,105.0,3.27,0.54,9.4,6,Medium,0.14285714285714285
9.0,0.46,2.8,0.093,19.0,98.0,3.32,0.63,9.5,6,Medium,0.19387755102040816
8.6,0.47,3.0,0.076,30.0,135.0,3.3,0.53,9.4,5,Medium,0.2222222222222222
7.4,0.36,2.6,0.087,26.0,72.0,3.39,0.68,11.0,5,Medium,0.3611111111111111
7.1,0.35,2.5,0.096,20.0,53.0,3.42,0.65,11.0,6,Medium,0.37735849056603776
9.6,0.56,3.4,0.102,37.0,92.0,3.3,0.65,10.1,5,Medium,0.40217391304347827
9.6,0.77,2.9,0.082,30.0,74.0,3.3,0.64,10.4,6,Medium,0.40540540540540543
9.8,0.66,3.2,0.083,21.0,59.0,3.37,0.71,11.5,7,High,0.3559322033898305
9.3,0.61,3.4,0.09,25.0,87.0,3.24,0.62,9.7,5,Medium,0.28735632183908044
7.8,0.62,2.3,0.079,6.0,18.0,3.29,0.63,9.3,5,Medium,0.3333333333333333
10.3,0.59,2.8,0.09,35.0,73.0,3.28,0.7,9.5,6,Medium,0.4794520547945205
10.0,0.49,11.0,0.071,13.0,50.0,3.16,0.69,9.2,6,Medium,0.26
11.6,0.53,3.65,0.121,6.0,14.0,3.05,0.74,11.5,7,High,0.42857142857142855
10.3,0.44,4.5,0.107,5.0,13.0,3.28,0.83,11.5,5,Medium,0.38461538461538464
13.4,0.27,2.6,0.082,6.0,21.0,3.16,0.67,9.7,6,Medium,0.2857142857142857
10.7,0.46,2.0,0.061,7.0,15.0,3.18,0.62,9.5,5,Medium,0.4666666666666667
10.2,0.36,2.9,0.122,10.0,41.0,3.23,0.66,12.5,6,Medium,0.24390243902439024
8.0,0.58,3.2,0.066,21.0,114.0,3.22,0.54,9.4,6,Medium,0.18421052631578946
8.4,0.56,2.1,0.105,16.0,44.0,3.13,0.52,11.0,5,Medium,0.36363636363636365
7.9,0.65,2.5,0.078,17.0,38.0,3.34,0.74,11.7,7,High,0.4473684210526316
11.9,0.695,3.4,0.128,7.0,21.0,3.17,0.84,12.2,7,High,0.3333333333333333
8.9,0.43,1.9,0.052,6.0,16.0,3.35,0.7,12.5,6,Medium,0.375
7.8,0.43,2.8,0.08,29.0,58.0,3.31,0.64,10.3,5,Medium,0.5
12.4,0.49,3.0,0.103,28.0,99.0,3.16,1.0,11.5,6,Medium,0.2828282828282828
12.5,0.28,2.3,0.082,12.0,29.0,3.11,1.36,9.8,7,High,0.41379310344827586
12.2,0.34,2.4,0.066,10.0,21.0,3.12,1.18,9.2,6,Medium,0.47619047619047616
10.6,0.42,2.7,0.065,5.0,18.0,3.21,0.87,11.3,6,Medium,0.2777777777777778
10.9,0.39,1.8,0.118,6.0,14.0,3.3,0.75,9.8,6,Medium,0.42857142857142855
11.9,0.57,2.6,0.082,6.0,32.0,3.12,0.78,10.7,6,Medium,0.1875
7.0,0.685,1.9,0.067,40.0,63.0,3.6,0.81,9.9,5,Medium,0.6349206349206349
6.6,0.815,2.7,0.072,17.0,34.0,3.58,0.89,12.3,7,High,0.5
13.8,0.49,3.0,0.093,6.0,15.0,3.02,0.93,12.0,6,Medium,0.4
9.6,0.56,2.8,0.089,15.0,46.0,3.11,0.92,10.0,6,Medium,0.32608695652173914
9.1,0.785,2.6,0.093,11.0,28.0,3.36,0.86,9.4,6,Medium,0.39285714285714285
10.7,0.67,2.7,0.107,17.0,34.0,3.28,0.98,9.9,6,Medium,0.5
9.1,0.795,2.6,0.096,11.0,26.0,3.35,0.83,9.4,6,Medium,0.4230769230769231
7.7,0.665,2.4,0.09,8.0,19.0,3.27,0.73,9.3,5,Medium,0.42105263157894735
13.5,0.53,4.8,0.12,23.0,77.0,3.18,0.77,13.0,5,Medium,0.2987012987012987
6.1,0.21,1.4,0.066,40.5,165.0,3.25,0.59,11.9,6,Medium,0.24545454545454545
6.7,0.75,2.4,0.078,17.0,32.0,3.55,0.61,12.8,6,Medium,0.53125
11.5,0.41,3.0,0.08,29.0,55.0,3.26,0.88,11.0,5,Medium,0.5272727272727272
10.5,0.42,2.95,0.116,12.0,29.0,3.24,0.75,11.7,7,High,0.41379310344827586
11.9,0.43,3.1,0.109,10.0,23.0,3.15,0.85,10.4,7,High,0.43478260869565216
12.6,0.38,2.6,0.088,10.0,41.0,3.17,0.68,9.8,6,Medium,0.24390243902439024
8.2,0.7,2.0,0.099,14.0,81.0,3.19,0.7,9.4,5,Medium,0.1728395061728395
8.6,0.45,2.6,0.086,21.0,50.0,3.37,0.91,9.9,6,Medium,0.42
11.9,0.58,2.5,0.072,6.0,37.0,3.05,0.56,10.0,5,Medium,0.16216216216216217
12.5,0.46,2.0,0.071,6.0,15.0,2.99,0.87,10.2,5,Medium,0.4
12.8,0.615,5.8,0.083,7.0,42.0,3.07,0.73,10.0,7,High,0.16666666666666666
10.0,0.42,3.4,0.107,7.0,21.0,3.26,0.93,11.8,6,Medium,0.3333333333333333
10.4,0.575,2.6,0.076,11.0,24.0,3.16,0.69,9.0,5,Medium,0.4583333333333333
10.3,0.34,2.8,0.159,15.0,75.0,3.18,0.64,9.4,5,Medium,0.2
9.4,0.27,2.4,0.074,6.0,18.0,3.2,1.13,12.0,7,High,0.3333333333333333
6.9,0.765,2.3,0.063,35.0,63.0,3.57,0.78,9.9,5,Medium,0.5555555555555556
7.9,0.24,1.6,0.056,11.0,25.0,3.32,0.87,8.7,6,Medium,0.44
9.1,0.28,1.8,0.067,26.0,46.0,3.32,1.04,10.6,6,Medium,0.5652173913043478
7.4,0.55,2.2,0.106,12.0,72.0,3.05,0.63,9.2,5,Medium,0.16666666666666666
14.0,0.41,3.8,0.089,6.0,47.0,3.01,0.81,10.8,6,Medium,0.1276595744680851
11.5,0.54,4.4,0.124,6.0,15.0,3.01,0.83,11.8,7,High,0.4
11.5,0.45,3.0,0.078,19.0,47.0,3.26,1.11,11.0,6,Medium,0.40425531914893614
11.4,0.625,6.2,0.088,6.0,24.0,3.11,0.99,13.3,6,Medium,0.25
8.3,0.42,2.5,0.094,24.0,60.0,3.31,0.7,10.8,6,Medium,0.4
8.3,0.26,2.0,0.08,11.0,27.0,3.21,0.8,9.4,6,Medium,0.4074074074074074
13.7,0.415,2.9,0.085,17.0,43.0,3.06,0.8,10.0,6,Medium,0.3953488372093023
7.7,0.51,2.1,0.087,23.0,54.0,3.42,0.74,9.2,5,Medium,0.42592592592592593
7.4,0.63,2.4,0.09,11.0,37.0,3.43,0.76,9.7,6,Medium,0.2972972972972973
7.8,0.54,2.0,0.088,23.0,48.0,3.41,0.74,9.2,6,Medium,0.4791666666666667
8.3,0.66,1.9,0.079,17.0,42.0,3.31,0.54,9.6,6,Medium,0.40476190476190477
7.8,0.46,1.9,0.088,23.0,53.0,3.43,0.74,9.2,6,Medium,0.4339622641509434
9.6,0.38,2.5,0.096,16.0,49.0,3.19,0.7,10.0,7,High,0.32653061224489793
5.6,0.85,1.4,0.045,12.0,88.0,3.56,0.82,12.9,8,,0.13636363636363635
9.5,0.37,2.0,0.082,6.0,26.0,3.18,0.51,9.5,5,Medium,0.23076923076923078
8.4,0.665,2.0,0.112,13.0,95.0,3.16,0.54,9.1,5,Medium,0.1368421052631579
12.7,0.6,2.3,0.063,6.0,25.0,3.03,0.57,9.9,5,Medium,0.24
12.0,0.37,4.2,0.066,7.0,38.0,3.22,0.6,13.0,7,High,0.18421052631578946
6.6,0.735,7.9,0.122,68.0,124.0,3.47,0.53,9.9,5,Medium,0.5483870967741935
11.5,0.59,2.6,0.087,13.0,49.0,3.18,0.65,11.0,6,Medium,0.2653061224489796
8.7,0.765,2.3,0.064,9.0,42.0,3.1,0.55,9.4,5,Medium,0.21428571428571427
7.7,0.26,1.7,0.059,20.0,38.0,3.29,0.47,10.8,6,Medium,0.5263157894736842
12.2,0.48,2.6,0.085,19.0,64.0,3.1,0.61,10.5,6,Medium,0.296875
11.4,0.6,2.7,0.085,10.0,41.0,3.15,0.63,10.5,6,Medium,0.24390243902439024
7.7,0.69,2.7,0.075,15.0,27.0,3.26,0.61,9.1,5,Medium,0.5555555555555556
8.7,0.31,1.4,0.059,11.0,25.0,3.36,0.76,10.1,6,Medium,0.44
9.8,0.44,2.5,0.063,9.0,28.0,3.24,0.65,10.8,6,Medium,0.32142857142857145
12.0,0.39,3.0,0.093,12.0,30.0,3.18,0.63,10.8,7,High,0.4
10.4,0.34,3.7,0.174,6.0,16.0,3.19,0.7,11.3,6,Medium,0.375
12.5,0.46,4.5,0.07,26.0,49.0,3.05,0.57,9.6,4,Low,0.5306122448979592
9.0,0.43,2.5,0.08,26.0,86.0,3.38,0.62,9.5,6,Medium,0.3023255813953488
9.1,0.45,2.4,0.08,23.0,78.0,3.38,0.62,9.5,5,Medium,0.2948717948717949
7.1,0.735,1.9,0.1,15.0,77.0,3.27,0.64,9.3,5,Medium,0.19480519480519481
9.9,0.4,6.7,0.097,6.0,19.0,3.27,0.82,11.7,7,High,0.3157894736842105
8.8,0.52,2.7,0.087,24.0,122.0,3.26,0.61,9.5,5,Medium,0.19672131147540983
8.6,0.725,6.6,0.117,31.0,134.0,3.32,1.07,9.3,5,Medium,0.23134328358208955
10.6,0.48,2.2,0.111,6.0,20.0,3.26,0.66,11.7,6,Medium,0.3
7.0,0.58,1.9,0.091,34.0,124.0,3.44,0.48,10.5,5,Medium,0.27419354838709675
11.9,0.38,2.0,0.121,7.0,20.0,3.24,0.76,10.4,6,Medium,0.35
6.8,0.77,1.8,0.066,34.0,52.0,3.62,0.68,9.9,5,Medium,0.6538461538461539
9.5,0.56,2.4,0.089,35.0,67.0,3.28,0.73,11.8,7,High,0.5223880597014925
6.6,0.84,2.3,0.059,32.0,48.0,3.52,0.56,12.3,7,High,0.6666666666666666
7.7,0.96,2.0,0.047,15.0,60.0,3.36,0.44,10.9,5,Medium,0.25
10.5,0.24,2.1,0.066,6.0,24.0,3.15,0.9,11.0,7,High,0.25
6.4,0.67,2.1,0.045,19.0,48.0,3.49,0.49,11.4,6,Medium,0.3958333333333333
9.5,0.78,1.9,0.077,6.0,32.0,3.26,0.56,10.6,6,Medium,0.1875
9.1,0.52,1.3,0.07,9.0,30.0,3.24,0.6,9.3,5,Medium,0.3
12.8,0.84,2.4,0.088,13.0,35.0,3.1,0.6,10.4,6,Medium,0.37142857142857144
7.8,0.55,2.2,0.074,21.0,66.0,3.25,0.56,9.2,5,Medium,0.3181818181818182
11.9,0.37,2.3,0.078,12.0,24.0,3.0,0.65,12.8,6,Medium,0.5
12.3,0.39,2.3,0.091,6.0,18.0,3.16,0.49,9.5,5,Medium,0.3333333333333333
10.4,0.41,3.2,0.076,22.0,54.0,3.15,0.89,9.9,6,Medium,0.4074074074074074
8.0,0.67,2.0,0.06,38.0,62.0,3.26,0.56,10.2,6,Medium,0.6129032258064516
11.1,0.45,3.2,0.066,6.0,22.0,3.17,0.66,11.2,6,Medium,0.2727272727272727
7.0,0.62,1.5,0.062,7.0,50.0,3.08,0.6,9.3,5,Medium,0.14
12.6,0.31,2.2,0.072,6.0,29.0,2.88,0.82,9.8,8,,0.20689655172413793
11.9,0.4,2.15,0.068,7.0,27.0,3.06,0.68,11.3,6,Medium,0.25925925925925924
15.6,0.685,3.7,0.1,6.0,43.0,2.95,0.68,11.2,7,High,0.13953488372093023
10.0,0.44,2.7,0.077,11.0,19.0,3.23,0.63,11.6,7,High,0.5789473684210527
5.3,0.57,1.7,0.054,5.0,27.0,3.57,0.84,12.5,7,High,0.18518518518518517
9.5,0.735,2.1,0.079,6.0,31.0,3.23,0.56,10.1,6,Medium,0.1935483870967742
12.5,0.38,2.6,0.081,31.0,72.0,3.1,0.73,10.5,5,Medium,0.4305555555555556
9.3,0.48,2.1,0.127,6.0,16.0,3.22,0.72,11.2,5,Medium,0.375
8.6,0.53,2.0,0.1,7.0,27.0,3.2,0.56,10.2,6,Medium,0.25925925925925924
11.9,0.39,2.8,0.095,17.0,35.0,3.1,0.61,10.8,6,Medium,0.4857142857142857
8.4,0.37,1.8,0.413,9.0,26.0,3.06,1.06,9.1,6,Medium,0.34615384615384615
6.8,0.56,1.7,0.084,18.0,35.0,3.44,0.63,10.0,6,Medium,0.5142857142857142
10.4,0.33,2.8,0.084,5.0,22.0,3.26,0.74,11.2,7,High,0.22727272727272727
7.0,0.23,1.6,0.063,21.0,67.0,3.5,0.63,11.1,5,Medium,0.31343283582089554
11.3,0.62,5.2,0.086,6.0,19.0,3.22,0.69,13.4,8,,0.3157894736842105
8.9,0.59,2.3,0.095,5.0,22.0,3.37,0.58,10.3,5,Medium,0.22727272727272727
9.2,0.63,2.7,0.097,29.0,65.0,3.28,0.58,9.6,5,Medium,0.4461538461538462
11.6,0.58,2.2,0.074,10.0,47.0,3.25,0.57,9.0,3,Low,0.2127659574468085
9.2,0.43,2.3,0.083,14.0,23.0,3.35,0.61,11.3,6,Medium,0.6086956521739131
8.3,0.615,2.6,0.087,6.0,19.0,3.26,0.61,9.3,5,Medium,0.3157894736842105
11.0,0.26,2.55,0.085,10.0,25.0,3.18,0.61,11.8,5,Medium,0.4
8.1,0.66,2.2,0.098,25.0,129.0,3.08,0.53,9.0,5,Medium,0.1937984496124031
11.5,0.315,2.1,0.084,5.0,15.0,2.98,0.7,9.2,6,Medium,0.3333333333333333
10.0,0.29,2.9,0.098,10.0,26.0,3.48,0.91,9.7,5,Medium,0.38461538461538464
10.3,0.5,2.0,0.069,21.0,51.0,3.16,0.72,11.5,6,Medium,0.4117647058823529
8.8,0.46,2.6,0.065,7.0,18.0,3.32,0.79,14.0,6,Medium,0.3888888888888889
11.4,0.36,2.1,0.09,6.0,21.0,3.17,0.62,9.2,6,Medium,0.2857142857142857
8.7,0.82,1.2,0.07,36.0,48.0,3.2,0.58,9.8,5,Medium,0.75
13.0,0.32,2.6,0.093,15.0,47.0,3.05,0.61,10.6,5,Medium,0.3191489361702128
9.6,0.54,2.4,0.081,25.0,52.0,3.2,0.71,11.4,6,Medium,0.4807692307692308
12.5,0.37,2.6,0.083,25.0,68.0,3.15,0.82,10.4,6,Medium,0.36764705882352944
9.9,0.35,2.1,0.062,5.0,14.0,3.26,0.79,10.6,5,Medium,0.35714285714285715
10.5,0.28,1.7,0.08,10.0,24.0,3.2,0.89,9.4,6,Medium,0.4166666666666667
9.6,0.68,2.2,0.087,5.0,28.0,3.14,0.6,10.2,5,Medium,0.17857142857142858
9.3,0.27,2.0,0.091,6.0,16.0,3.28,0.7,9.7,5,Medium,0.375
10.4,0.24,1.8,0.075,6.0,20.0,3.18,1.06,11.0,6,Medium,0.3
9.4,0.685,2.7,0.077,6.0,31.0,3.19,0.7,10.1,6,Medium,0.1935483870967742
10.6,0.28,15.5,0.069,6.0,23.0,3.12,0.66,9.2,5,Medium,0.2608695652173913
9.4,0.3,2.8,0.08,6.0,17.0,3.15,0.92,11.7,8,,0.35294117647058826
10.6,0.36,2.2,0.152,6.0,18.0,3.04,1.05,9.4,5,Medium,0.3333333333333333
10.6,0.36,2.2,0.152,7.0,18.0,3.04,1.06,9.4,5,Medium,0.3888888888888889
10.6,0.44,4.1,0.114,6.0,24.0,3.06,0.66,13.4,6,Medium,0.25
10.2,0.67,1.9,0.054,6.0,17.0,3.17,0.47,10.0,5,Medium,0.35294117647058826
10.2,0.645,1.8,0.053,5.0,14.0,3.17,0.42,10.0,6,Medium,0.35714285714285715
11.6,0.32,2.8,0.081,35.0,67.0,3.32,0.92,10.8,7,High,0.5223880597014925
9.3,0.39,2.6,0.073,10.0,26.0,3.34,0.75,10.2,6,Medium,0.38461538461538464
9.3,0.775,2.8,0.078,24.0,56.0,3.31,0.67,10.6,6,Medium,0.42857142857142855
9.2,0.41,2.5,0.055,12.0,25.0,3.34,0.79,13.3,7,High,0.48
8.9,0.4,2.6,0.052,13.0,27.0,3.32,0.9,13.4,7,High,0.48148148148148145
8.7,0.69,3.0,0.086,23.0,81.0,3.48,0.74,11.6,6,Medium,0.2839506172839506
6.5,0.39,8.3,0.051,28.0,91.0,3.44,0.55,12.1,6,Medium,0.3076923076923077
10.7,0.35,2.6,0.07,5.0,16.0,3.15,0.65,11.0,8,,0.3125
7.8,0.52,1.9,0.081,14.0,38.0,3.43,0.65,9.0,6,Medium,0.3684210526315789
7.2,0.34,2.5,0.09,43.0,113.0,3.32,0.79,11.1,5,Medium,0.3805309734513274
10.4,0.44,6.55,0.074,38.0,76.0,3.17,0.85,12.0,7,High,0.5
10.5,0.26,1.9,0.078,6.0,24.0,3.18,1.04,10.9,7,High,0.25
10.5,0.24,1.8,0.077,6.0,22.0,3.21,1.05,10.8,7,High,0.2727272727272727
10.2,0.49,2.9,0.072,10.0,26.0,3.16,0.78,12.5,7,High,0.38461538461538464
10.4,0.24,1.8,0.075,6.0,21.0,3.25,1.02,10.8,7,High,0.2857142857142857
11.2,0.67,2.3,0.084,6.0,13.0,3.17,0.71,9.5,6,Medium,0.46153846153846156
10.0,0.59,2.2,0.09,26.0,62.0,3.18,0.63,10.2,6,Medium,0.41935483870967744
13.3,0.29,2.8,0.084,23.0,43.0,3.04,0.68,11.4,7,High,0.5348837209302325
12.4,0.42,4.6,0.073,19.0,43.0,3.02,0.61,9.5,5,Medium,0.4418604651162791
10.7,0.4,2.1,0.125,15.0,49.0,3.03,0.81,9.7,6,Medium,0.30612244897959184
10.5,0.51,2.4,0.107,6.0,15.0,3.09,0.66,11.8,7,High,0.4
8.5,0.655,6.1,0.122,34.0,151.0,3.31,1.14,9.3,5,Medium,0.2251655629139073
12.5,0.6,4.3,0.1,5.0,14.0,3.25,0.74,11.9,6,Medium,0.35714285714285715
10.4,0.61,2.1,0.2,5.0,16.0,3.16,0.63,8.4,3,Low,0.3125
10.9,0.21,2.8,0.088,11.0,32.0,3.22,0.68,11.7,6,Medium,0.34375
7.3,0.365,2.5,0.088,39.0,106.0,3.36,0.78,11.0,5,Medium,0.36792452830188677
9.8,0.25,2.7,0.088,15.0,33.0,3.42,0.9,10.0,6,Medium,0.45454545454545453
7.6,0.41,2.0,0.088,16.0,43.0,3.48,0.64,9.1,5,Medium,0.37209302325581395
8.2,0.39,2.3,0.099,47.0,133.0,3.38,0.99,9.8,5,Medium,0.3533834586466165
9.3,0.4,2.5,0.085,38.0,142.0,3.22,0.55,9.4,5,Medium,0.2676056338028169
9.2,0.43,2.4,0.086,23.0,116.0,3.23,0.64,9.5,5,Medium,0.19827586206896552
10.4,0.64,2.8,0.105,29.0,53.0,3.24,0.67,9.9,5,Medium,0.5471698113207547
7.0,0.38,2.5,0.097,33.0,85.0,3.39,0.77,11.4,6,Medium,0.38823529411764707
8.2,0.42,2.6,0.084,32.0,55.0,3.34,0.75,8.7,6,Medium,0.5818181818181818
9.9,0.63,2.4,0.077,6.0,33.0,3.09,0.57,9.4,5,Medium,0.18181818181818182
9.1,0.22,2.1,0.078,1.0,28.0,3.41,0.87,10.3,6,Medium,0.03571428571428571
11.9,0.38,2.7,0.098,12.0,42.0,3.16,0.61,10.3,5,Medium,0.2857142857142857
10.3,0.27,2.1,0.072,15.0,33.0,3.22,0.66,12.8,6,Medium,0.45454545454545453
10.0,0.48,2.7,0.102,13.0,32.0,3.28,0.56,10.0,6,Medium,0.40625
8.1,0.825,2.1,0.084,5.0,13.0,3.37,0.77,10.7,6,Medium,0.38461538461538464
12.9,0.35,5.8,0.066,5.0,35.0,3.2,0.66,12.0,7,High,0.14285714285714285
11.2,0.5,5.15,0.1,5.0,17.0,3.22,0.62,11.2,5,Medium,0.29411764705882354
9.2,0.59,3.3,0.101,20.0,47.0,3.26,0.67,9.6,5,Medium,0.425531914893617
9.5,0.46,6.3,0.064,5.0,17.0,3.21,0.73,11.0,6,Medium,0.29411764705882354
9.3,0.715,2.1,0.07,5.0,20.0,3.12,0.59,9.9,5,Medium,0.25
11.2,0.66,2.5,0.085,16.0,53.0,3.06,0.72,11.0,6,Medium,0.3018867924528302
14.3,0.31,1.8,0.075,6.0,15.0,2.86,0.79,8.4,6,Medium,0.4
9.1,0.47,2.6,0.094,38.0,106.0,3.08,0.59,9.1,5,Medium,0.3584905660377358
7.5,0.55,2.0,0.078,10.0,28.0,3.45,0.78,9.5,6,Medium,0.35714285714285715
10.6,0.31,2.5,0.067,6.0,21.0,3.26,0.86,10.7,6,Medium,0.2857142857142857
12.4,0.35,2.6,0.079,27.0,69.0,3.12,0.75,10.4,6,Medium,0.391304347826087
9.0,0.53,1.9,0.171,6.0,25.0,3.27,0.61,9.4,6,Medium,0.24
6.8,0.51,2.1,0.074,9.0,25.0,3.33,0.56,9.5,6,Medium,0.36
9.4,0.43,2.8,0.092,14.0,45.0,3.19,0.73,10.0,6,Medium,0.3111111111111111
9.5,0.46,2.7,0.092,14.0,44.0,3.12,0.74,10.0,6,Medium,0.3181818181818182
5.0,1.04,1.6,0.05,32.0,96.0,3.74,0.62,11.5,5,Medium,0.3333333333333333
15.5,0.645,4.2,0.095,10.0,23.0,2.92,0.74,11.1,5,Medium,0.43478260869565216
10.9,0.53,4.6,0.118,10.0,17.0,3.07,0.56,11.7,6,Medium,0.5882352941176471
15.6,0.645,4.2,0.095,10.0,23.0,2.92,0.74,11.1,5,Medium,0.43478260869565216
13.0,0.47,4.3,0.085,6.0,47.0,3.3,0.68,12.7,6,Medium,0.1276595744680851
12.7,0.6,2.8,0.075,5.0,19.0,3.14,0.57,11.4,5,Medium,0.2631578947368421
9.0,0.44,2.4,0.078,26.0,121.0,3.23,0.58,9.2,5,Medium,0.21487603305785125
9.0,0.54,2.9,0.094,41.0,110.0,3.08,0.61,9.2,5,Medium,0.37272727272727274
7.6,0.29,2.7,0.092,25.0,60.0,3.31,0.61,10.1,6,Medium,0.4166666666666667
8.7,0.7,2.5,0.226,5.0,15.0,3.32,0.6,9.0,6,Medium,0.3333333333333333
9.8,0.5,2.6,0.25,5.0,20.0,3.31,0.79,10.7,6,Medium,0.25
6.2,0.36,2.2,0.095,19.0,42.0,3.57,0.57,11.7,6,Medium,0.4523809523809524
11.5,0.35,3.3,0.07,10.0,37.0,3.32,0.91,11.0,6,Medium,0.2702702702702703
10.2,0.24,2.4,0.075,10.0,28.0,3.14,0.61,10.4,5,Medium,0.35714285714285715
10.5,0.59,2.1,0.07,14.0,47.0,3.3,0.56,9.6,4,Low,0.2978723404255319
10.6,0.34,3.2,0.078,20.0,78.0,3.19,0.7,10.0,6,Medium,0.2564102564102564
12.3,0.27,3.1,0.079,28.0,46.0,3.2,0.8,10.2,6,Medium,0.6086956521739131
9.9,0.5,2.3,0.103,6.0,14.0,3.34,0.52,10.0,4,Low,0.42857142857142855
8.8,0.44,2.8,0.083,18.0,111.0,3.3,0.6,9.5,5,Medium,0.16216216216216217
8.8,0.47,2.9,0.085,17.0,110.0,3.29,0.6,9.8,5,Medium,0.15454545454545454
10.6,0.31,2.2,0.063,18.0,40.0,3.14,0.51,9.8,6,Medium,0.45
12.3,0.5,2.2,0.089,5.0,14.0,3.19,0.44,9.6,5,Medium,0.35714285714285715
11.7,0.49,2.2,0.083,5.0,15.0,3.19,0.43,9.2,5,Medium,0.3333333333333333
12.0,0.28,1.9,0.074,10.0,21.0,2.98,0.66,9.9,7,High,0.47619047619047616
11.8,0.33,3.4,0.093,54.0,80.0,3.3,0.76,10.7,7,High,0.675
7.6,0.51,2.4,0.091,8.0,38.0,3.47,0.66,9.6,6,Medium,0.21052631578947367
11.1,0.31,2.7,0.094,16.0,47.0,3.12,1.02,10.6,7,High,0.3404255319148936
7.3,0.73,1.9,0.108,18.0,102.0,3.26,0.59,9.3,5,Medium,0.17647058823529413
5.0,0.42,2.0,0.06,19.0,50.0,3.72,0.74,14.0,8,,0.38
10.2,0.29,2.6,0.059,5.0,13.0,3.05,0.74,10.5,7,High,0.38461538461538464
9.0,0.45,2.6,0.084,21.0,75.0,3.35,0.57,9.7,5,Medium,0.28
6.6,0.39,1.7,0.07,23.0,149.0,3.12,0.5,11.5,6,Medium,0.15436241610738255
9.9,0.49,3.5,0.094,9.0,43.0,3.29,0.58,9.0,5,Medium,0.20930232558139536
7.9,0.72,2.6,0.096,20.0,38.0,3.4,0.53,9.5,5,Medium,0.5263157894736842
8.9,0.595,7.9,0.086,30.0,109.0,3.27,0.57,9.3,5,Medium,0.27522935779816515
12.4,0.4,2.0,0.059,6.0,24.0,3.04,0.6,9.3,6,Medium,0.25
11.9,0.58,1.9,0.071,5.0,18.0,3.09,0.63,10.0,6,Medium,0.2777777777777778
8.5,0.585,2.1,0.078,5.0,30.0,3.2,0.48,9.8,6,Medium,0.16666666666666666
12.7,0.59,2.3,0.082,11.0,22.0,3.0,0.7,9.3,6,Medium,0.5
8.2,0.915,2.1,0.088,7.0,23.0,3.26,0.47,10.0,4,Low,0.30434782608695654
13.2,0.46,2.2,0.071,12.0,35.0,3.1,0.56,9.0,6,Medium,0.34285714285714286
7.7,0.835,2.6,0.081,6.0,14.0,3.3,0.52,9.3,5,Medium,0.42857142857142855
8.3,0.58,2.9,0.096,14.0,63.0,3.17,0.62,9.1,6,Medium,0.2222222222222222
8.3,0.6,2.6,0.085,6.0,24.0,3.31,0.59,9.2,6,Medium,0.25
9.4,0.41,4.6,0.072,10.0,20.0,3.34,0.79,12.2,7,High,0.5
8.8,0.48,3.3,0.092,26.0,52.0,3.31,0.53,10.5,6,Medium,0.5
10.1,0.65,5.1,0.11,11.0,65.0,3.32,0.64,10.4,6,Medium,0.16923076923076924
6.3,0.36,3.2,0.075,15.0,39.0,3.56,0.52,12.7,6,Medium,0.38461538461538464
8.8,0.24,2.5,0.083,25.0,57.0,3.39,0.54,9.2,5,Medium,0.43859649122807015
13.2,0.38,2.7,0.081,5.0,16.0,2.98,0.54,9.4,5,Medium,0.3125
7.5,0.64,2.4,0.077,18.0,29.0,3.32,0.6,10.0,6,Medium,0.6206896551724138
8.2,0.39,1.5,0.058,10.0,29.0,3.26,0.74,9.8,5,Medium,0.3448275862068966
9.2,0.755,2.2,0.148,10.0,103.0,2.87,1.36,10.2,6,Medium,0.0970873786407767
9.6,0.6,2.3,0.079,28.0,71.0,3.5,0.57,9.7,5,Medium,0.39436619718309857
11.5,0.31,2.2,0.079,14.0,28.0,3.03,0.93,9.8,6,Medium,0.5
11.4,0.46,2.7,0.122,4.0,17.0,3.13,0.7,10.2,5,Medium,0.23529411764705882
11.3,0.37,2.3,0.088,6.0,16.0,3.09,0.8,9.3,5,Medium,0.375
8.3,0.54,3.4,0.076,16.0,112.0,3.27,0.61,9.4,5,Medium,0.14285714285714285
8.2,0.56,3.4,0.078,14.0,104.0,3.28,0.62,9.4,5,Medium,0.1346153846153846
10.0,0.58,1.9,0.08,9.0,32.0,3.13,0.55,9.5,5,Medium,0.28125
7.9,0.51,2.9,0.077,21.0,45.0,3.49,0.96,12.1,6,Medium,0.4666666666666667
6.8,0.69,5.6,0.124,21.0,58.0,3.46,0.72,10.2,5,Medium,0.3620689655172414
8.8,0.6,2.2,0.098,5.0,15.0,3.36,0.49,9.1,5,Medium,0.3333333333333333
8.7,0.54,2.5,0.097,7.0,31.0,3.27,0.6,9.3,6,Medium,0.22580645161290322
7.6,0.685,2.3,0.111,20.0,84.0,3.21,0.61,9.3,5,Medium,0.23809523809523808
10.4,0.28,2.7,0.105,5.0,19.0,3.25,0.63,9.5,5,Medium,0.2631578947368421
7.6,0.41,3.0,0.087,21.0,43.0,3.32,0.57,10.5,6,Medium,0.4883720930232558
10.1,0.935,3.4,0.105,11.0,86.0,3.43,0.64,11.3,4,Low,0.12790697674418605
7.9,0.35,1.9,0.073,46.0,102.0,3.27,0.58,9.5,5,Medium,0.45098039215686275
8.7,0.84,1.4,0.065,24.0,33.0,3.27,0.55,9.7,5,Medium,0.7272727272727273
9.6,0.88,2.4,0.086,30.0,147.0,3.24,0.53,9.4,5,Medium,0.20408163265306123
9.5,0.885,2.3,0.084,31.0,145.0,3.24,0.53,9.4,5,Medium,0.21379310344827587
7.7,0.915,2.2,0.143,7.0,23.0,3.35,0.65,10.2,7,High,0.30434782608695654
8.9,0.29,1.9,0.067,25.0,57.0,3.18,1.36,10.3,6,Medium,0.43859649122807015
9.9,0.54,2.3,0.071,16.0,40.0,3.39,0.62,9.4,5,Medium,0.4
9.5,0.59,2.3,0.071,21.0,68.0,3.46,0.63,9.5,5,Medium,0.3088235294117647
7.8,0.64,6.0,0.115,5.0,11.0,3.37,0.69,10.1,7,High,0.45454545454545453
7.3,0.67,3.6,0.107,6.0,20.0,3.4,0.63,10.1,5,Medium,0.3
8.3,0.845,2.2,0.07,5.0,14.0,3.32,0.58,11.0,4,Low,0.35714285714285715
8.7,0.48,2.8,0.066,10.0,28.0,3.33,0.67,11.2,7,High,0.35714285714285715
6.7,0.42,8.6,0.068,24.0,148.0,3.16,0.57,11.3,6,Medium,0.16216216216216217
10.7,0.43,2.2,0.106,8.0,32.0,2.89,0.5,9.6,5,Medium,0.25
9.8,0.88,2.5,0.104,35.0,155.0,3.41,0.67,11.2,5,Medium,0.22580645161290322
15.9,0.36,7.5,0.096,22.0,71.0,2.98,0.84,14.9,5,Medium,0.30985915492957744
9.4,0.33,2.8,0.079,9.0,30.0,3.12,0.54,12.0,6,Medium,0.3
8.6,0.47,2.4,0.074,7.0,29.0,3.08,0.46,9.5,5,Medium,0.2413793103448276
9.7,0.55,2.9,0.087,20.0,53.0,3.14,0.61,9.4,5,Medium,0.37735849056603776
12.0,0.5,1.4,0.073,23.0,42.0,2.92,0.68,10.5,7,High,0.5476190476190477
7.2,0.52,1.4,0.074,5.0,20.0,3.32,0.81,9.6,6,Medium,0.25
7.1,0.84,4.4,0.096,5.0,13.0,3.41,0.57,11.0,4,Low,0.38461538461538464
7.5,0.42,1.6,0.08,15.0,42.0,3.31,0.64,9.0,5,Medium,0.35714285714285715
7.2,0.57,1.6,0.076,9.0,27.0,3.36,0.7,9.6,6,Medium,0.3333333333333333
10.1,0.28,1.8,0.05,5.0,13.0,3.04,0.79,10.2,6,Medium,0.38461538461538464
12.1,0.4,2.0,0.092,15.0,54.0,3.03,0.66,10.2,5,Medium,0.2777777777777778
9.4,0.59,2.0,0.084,25.0,48.0,3.14,0.56,9.7,5,Medium,0.5208333333333334
8.3,0.49,1.8,0.222,6.0,16.0,3.18,0.6,9.5,6,Medium,0.375
11.3,0.34,2.0,0.082,6.0,15.0,2.94,0.66,9.2,6,Medium,0.4
10.0,0.73,2.3,0.059,15.0,31.0,3.15,0.57,11.0,5,Medium,0.4838709677419355
6.9,0.4,2.5,0.083,30.0,45.0,3.26,0.58,10.0,5,Medium,0.6666666666666666
8.2,0.73,1.7,0.074,5.0,13.0,3.2,0.52,9.5,5,Medium,0.38461538461538464
9.8,1.24,2.0,0.079,32.0,151.0,3.15,0.53,9.5,5,Medium,0.2119205298013245
10.8,0.4,2.2,0.084,7.0,17.0,3.08,0.67,9.3,6,Medium,0.4117647058823529
9.3,0.41,2.2,0.064,12.0,31.0,3.26,0.65,10.2,5,Medium,0.3870967741935484
8.6,0.8,2.3,0.084,12.0,31.0,3.4,0.48,9.9,5,Medium,0.3870967741935484
8.3,0.78,2.6,0.081,45.0,87.0,3.48,0.53,10.0,5,Medium,0.5172413793103449
10.8,0.26,3.3,0.06,20.0,49.0,3.13,0.54,9.6,5,Medium,0.40816326530612246
13.3,0.43,1.9,0.07,15.0,40.0,3.06,0.49,9.0,5,Medium,0.375
8.0,0.45,2.2,0.094,16.0,29.0,3.21,0.49,10.2,6,Medium,0.5517241379310345
8.5,0.46,2.25,0.078,32.0,58.0,3.33,0.54,9.8,5,Medium,0.5517241379310345
8.1,0.78,2.6,0.059,5.0,15.0,3.37,0.56,11.3,5,Medium,0.3333333333333333
9.8,0.98,2.3,0.078,35.0,152.0,3.25,0.48,9.4,5,Medium,0.23026315789473684
7.1,0.65,1.8,0.07,13.0,40.0,3.44,0.6,9.1,5,Medium,0.325
9.1,0.64,3.1,0.095,13.0,38.0,3.28,0.59,9.7,5,Medium,0.34210526315789475
7.7,0.66,1.6,0.039,4.0,9.0,3.4,0.47,9.4,5,Medium,0.4444444444444444
8.1,0.38,1.8,0.157,5.0,17.0,3.3,1.05,9.4,5,Medium,0.29411764705882354
7.4,1.185,4.25,0.097,5.0,14.0,3.63,0.54,10.7,3,Low,0.35714285714285715
9.2,0.92,2.6,0.087,12.0,93.0,3.48,0.54,9.8,5,Medium,0.12903225806451613
8.6,0.49,2.0,0.422,16.0,62.0,3.03,1.17,9.0,5,Medium,0.25806451612903225
9.0,0.48,2.8,0.084,21.0,122.0,3.32,0.62,9.4,5,Medium,0.1721311475409836
9.0,0.47,2.7,0.084,24.0,125.0,3.31,0.61,9.4,5,Medium,0.192
5.1,0.47,1.3,0.034,18.0,44.0,3.9,0.62,12.8,6,Medium,0.4090909090909091
7.0,0.65,2.1,0.066,8.0,25.0,3.47,0.67,9.5,6,Medium,0.32
9.4,0.615,3.2,0.087,18.0,72.0,3.31,0.53,9.7,5,Medium,0.25
11.8,0.38,2.1,0.071,5.0,19.0,3.11,0.62,10.8,6,Medium,0.2631578947368421
10.6,1.02,2.9,0.076,26.0,88.0,3.08,0.57,10.1,6,Medium,0.29545454545454547
7.0,0.64,2.1,0.067,9.0,23.0,3.47,0.67,9.4,6,Medium,0.391304347826087
7.5,0.38,2.6,0.073,22.0,84.0,3.32,0.7,9.6,4,Low,0.2619047619047619
9.1,0.765,1.6,0.078,4.0,14.0,3.29,0.54,9.7,4,Low,0.2857142857142857
8.4,1.035,6.0,0.073,11.0,54.0,3.37,0.49,9.9,5,Medium,0.2037037037037037
7.0,0.78,2.0,0.093,10.0,19.0,3.4,0.47,10.0,5,Medium,0.5263157894736842
7.4,0.49,3.0,0.077,16.0,37.0,3.37,0.51,10.5,5,Medium,0.43243243243243246
7.8,0.545,2.5,0.068,11.0,35.0,3.34,0.61,11.6,6,Medium,0.3142857142857143
9.7,0.31,1.6,0.062,13.0,33.0,3.27,0.66,10.0,6,Medium,0.3939393939393939
10.6,1.025,2.8,0.08,21.0,84.0,3.06,0.57,10.1,5,Medium,0.25
8.9,0.565,3.0,0.093,16.0,112.0,3.38,0.61,9.5,5,Medium,0.14285714285714285
8.7,0.69,3.2,0.084,13.0,33.0,3.36,0.45,9.4,5,Medium,0.3939393939393939
8.0,0.43,2.3,0.075,10.0,48.0,3.34,0.46,9.4,5,Medium,0.20833333333333334
9.9,0.74,2.6,0.078,21.0,77.0,3.28,0.51,9.8,5,Medium,0.2727272727272727
7.2,0.49,2.7,0.069,13.0,34.0,3.29,0.48,9.2,6,Medium,0.38235294117647056
7.6,0.46,2.6,0.079,12.0,49.0,3.21,0.57,10.0,5,Medium,0.24489795918367346
8.4,0.56,2.0,0.082,10.0,22.0,3.22,0.44,9.6,5,Medium,0.45454545454545453
7.1,0.66,3.9,0.086,17.0,45.0,3.46,0.54,9.5,5,Medium,0.37777777777777777
8.9,0.48,2.85,0.094,35.0,106.0,3.1,0.53,9.2,5,Medium,0.330188679245283
7.6,0.42,2.7,0.084,15.0,48.0,3.21,0.59,10.0,5,Medium,0.3125
7.1,0.31,2.2,0.053,36.0,127.0,2.94,1.62,9.5,5,Medium,0.28346456692913385
7.5,1.115,3.1,0.086,5.0,12.0,3.54,0.6,11.2,4,Low,0.4166666666666667
9.0,0.66,3.0,0.077,5.0,13.0,3.29,0.55,10.4,5,Medium,0.38461538461538464
8.1,0.72,2.8,0.084,18.0,49.0,3.43,0.72,11.1,6,Medium,0.3673469387755102
6.4,0.57,1.8,0.067,4.0,11.0,3.46,0.68,9.5,5,Medium,0.36363636363636365
6.4,0.865,3.2,0.071,27.0,58.0,3.61,0.49,12.7,6,Medium,0.46551724137931033
9.5,0.55,2.3,0.387,12.0,37.0,3.17,0.67,9.6,5,Medium,0.32432432432432434
8.9,0.875,3.45,0.088,4.0,14.0,3.44,0.52,11.5,5,Medium,0.2857142857142857
7.3,0.835,2.1,0.092,10.0,19.0,3.39,0.47,9.6,5,Medium,0.5263157894736842
7.0,0.45,2.7,0.082,16.0,72.0,3.55,0.6,9.5,5,Medium,0.2222222222222222
7.7,0.56,2.0,0.075,9.0,39.0,3.48,0.62,9.3,5,Medium,0.23076923076923078
7.7,0.965,2.1,0.112,11.0,22.0,3.26,0.5,9.5,5,Medium,0.5
8.2,0.59,2.5,0.093,19.0,58.0,3.5,0.65,9.3,6,Medium,0.3275862068965517
9.0,0.46,2.8,0.092,28.0,104.0,3.1,0.56,9.2,5,Medium,0.2692307692307692
9.0,0.69,2.4,0.088,19.0,38.0,3.35,0.6,9.3,5,Medium,0.5
8.3,0.76,4.2,0.075,12.0,16.0,3.45,0.68,11.5,6,Medium,0.75
9.2,0.53,2.6,0.078,28.0,139.0,3.21,0.57,9.5,5,Medium,0.2014388489208633
6.5,0.615,1.9,0.065,9.0,18.0,3.46,0.65,9.2,5,Medium,0.5
11.6,0.41,2.8,0.096,25.0,101.0,3.13,0.53,10.0,5,Medium,0.24752475247524752
11.1,0.39,2.7,0.095,21.0,101.0,3.13,0.51,9.5,5,Medium,0.2079207920792079
7.3,0.51,2.1,0.07,12.0,28.0,3.52,0.73,9.5,6,Medium,0.42857142857142855
8.2,0.34,2.5,0.08,12.0,57.0,3.3,0.47,9.0,6,Medium,0.21052631578947367
8.6,0.33,2.6,0.083,16.0,68.0,3.3,0.48,9.4,5,Medium,0.23529411764705882
7.2,0.5,2.1,0.071,12.0,31.0,3.52,0.72,9.6,6,Medium,0.3870967741935484
8.3,0.65,2.9,0.089,17.0,40.0,3.29,0.55,9.5,5,Medium,0.425
7.6,0.54,2.5,0.097,24.0,66.0,3.39,0.61,9.4,5,Medium,0.36363636363636365
7.8,0.48,1.7,0.415,14.0,32.0,3.09,1.06,9.1,6,Medium,0.4375
7.8,0.91,1.9,0.058,22.0,47.0,3.51,0.43,10.7,6,Medium,0.46808510638297873
6.3,0.98,2.0,0.057,15.0,33.0,3.6,0.46,11.2,6,Medium,0.45454545454545453
8.1,0.87,2.2,0.084,10.0,31.0,3.25,0.5,9.8,5,Medium,0.3225806451612903
8.8,0.42,2.5,0.092,33.0,88.0,3.19,0.52,9.2,5,Medium,0.375
9.0,0.58,2.8,0.075,9.0,104.0,3.23,0.57,9.7,5,Medium,0.08653846153846154
9.3,0.655,2.0,0.096,5.0,35.0,3.25,0.42,9.6,5,Medium,0.14285714285714285
8.8,0.7,1.7,0.069,8.0,19.0,3.31,0.53,10.0,6,Medium,0.42105263157894735
9.1,0.68,2.8,0.093,11.0,44.0,3.31,0.55,9.5,6,Medium,0.25
9.2,0.67,3.0,0.091,12.0,48.0,3.31,0.54,9.5,6,Medium,0.25
8.8,0.59,2.9,0.089,12.0,74.0,3.14,0.54,9.4,5,Medium,0.16216216216216217
7.5,0.6,2.7,0.103,13.0,98.0,3.45,0.62,9.5,5,Medium,0.1326530612244898
7.1,0.59,2.3,0.082,24.0,94.0,3.55,0.53,9.7,6,Medium,0.2553191489361702
7.9,0.72,1.9,0.076,7.0,32.0,3.39,0.54,9.6,5,Medium,0.21875
9.4,0.685,2.4,0.082,23.0,143.0,3.28,0.55,9.4,5,Medium,0.16083916083916083
9.5,0.57,2.3,0.082,23.0,144.0,3.27,0.55,9.4,5,Medium,0.1597222222222222
7.9,0.4,1.8,0.157,1.0,44.0,3.3,0.92,9.5,6,Medium,0.022727272727272728
7.9,0.4,1.8,0.157,2.0,45.0,3.31,0.91,9.5,6,Medium,0.044444444444444446
7.2,1.0,3.0,0.102,7.0,16.0,3.43,0.46,10.0,5,Medium,0.4375
6.9,0.765,2.4,0.243,5.5,48.0,3.4,0.6,10.3,6,Medium,0.11458333333333333
6.9,0.635,2.4,0.241,6.0,18.0,3.4,0.59,10.3,6,Medium,0.3333333333333333
8.3,0.43,3.4,0.079,7.0,34.0,3.36,0.61,10.5,5,Medium,0.20588235294117646
7.1,0.52,2.6,0.076,21.0,92.0,3.5,0.6,9.8,5,Medium,0.22826086956521738
7.0,0.57,2.0,0.19,12.0,45.0,3.31,0.6,9.4,6,Medium,0.26666666666666666
6.5,0.46,2.4,0.114,9.0,37.0,3.66,0.65,9.8,5,Medium,0.24324324324324326
9.0,0.82,2.4,0.081,26.0,96.0,3.36,0.53,10.0,5,Medium,0.2708333333333333
7.1,0.59,2.5,0.077,20.0,85.0,3.55,0.59,9.8,5,Medium,0.23529411764705882
9.9,0.35,2.3,0.083,11.0,61.0,3.21,0.5,9.5,5,Medium,0.18032786885245902
10.0,0.56,2.2,0.079,19.0,58.0,3.18,0.56,10.1,6,Medium,0.3275862068965517
8.6,0.63,2.9,0.099,21.0,119.0,3.09,0.52,9.3,5,Medium,0.17647058823529413
7.4,0.37,2.6,0.082,18.0,82.0,3.33,0.68,9.7,6,Medium,0.21951219512195122
8.8,0.64,2.9,0.084,25.0,130.0,3.23,0.54,9.6,5,Medium,0.19230769230769232
7.1,0.61,2.5,0.081,17.0,87.0,3.48,0.6,9.7,6,Medium,0.19540229885057472
7.7,0.6,2.6,0.055,7.0,13.0,3.38,0.56,10.8,5,Medium,0.5384615384615384
10.1,0.27,2.3,0.065,7.0,26.0,3.17,0.53,12.5,6,Medium,0.2692307692307692
10.8,0.89,2.6,0.132,7.0,60.0,2.99,1.18,10.2,5,Medium,0.11666666666666667
8.7,0.46,2.5,0.126,24.0,64.0,3.1,0.74,9.6,5,Medium,0.375
9.3,0.37,1.6,0.038,21.0,42.0,3.24,0.81,10.8,7,High,0.5
9.4,0.5,3.6,0.082,5.0,14.0,3.29,0.52,10.7,6,Medium,0.35714285714285715
7.2,0.61,4.0,0.082,26.0,108.0,3.25,0.51,9.4,5,Medium,0.24074074074074073
8.6,0.55,3.3,0.068,8.0,17.0,3.23,0.44,10.0,5,Medium,0.47058823529411764
5.1,0.585,1.7,0.044,14.0,86.0,3.56,0.94,12.9,7,High,0.16279069767441862
7.7,0.56,2.5,0.114,14.0,46.0,3.24,0.66,9.6,6,Medium,0.30434782608695654
8.4,0.52,2.7,0.084,4.0,18.0,3.26,0.57,9.9,6,Medium,0.2222222222222222
8.2,0.28,2.4,0.052,4.0,10.0,3.33,0.7,12.8,7,High,0.4
8.4,0.25,2.0,0.041,4.0,10.0,3.27,0.71,12.5,7,High,0.4
7.4,0.53,1.9,0.165,4.0,12.0,3.26,0.86,9.2,5,Medium,0.3333333333333333
7.6,0.48,2.8,0.07,4.0,15.0,3.22,0.55,10.3,6,Medium,0.26666666666666666
7.3,0.49,2.6,0.068,4.0,14.0,3.3,0.47,10.5,5,Medium,0.2857142857142857
12.9,0.5,2.8,0.072,7.0,24.0,3.09,0.68,10.9,6,Medium,0.2916666666666667
10.8,0.45,2.5,0.099,20.0,38.0,3.24,0.71,10.8,5,Medium,0.5263157894736842
6.9,0.39,2.1,0.102,4.0,7.0,3.44,0.58,11.4,4,Low,0.5714285714285714
12.6,0.41,2.8,0.103,19.0,41.0,3.21,0.76,11.3,6,Medium,0.4634146341463415
9.8,0.51,3.2,0.081,8.0,30.0,3.23,0.58,10.5,6,Medium,0.26666666666666666
10.8,0.29,1.6,0.084,19.0,27.0,3.28,0.73,11.9,6,Medium,0.7037037037037037
7.1,0.715,2.35,0.071,21.0,47.0,3.29,0.45,9.4,5,Medium,0.44680851063829785
9.1,0.66,3.2,0.097,9.0,59.0,3.28,0.54,9.6,5,Medium,0.15254237288135594
7.0,0.685,1.9,0.099,9.0,22.0,3.34,0.6,9.7,5,Medium,0.4090909090909091
4.9,0.42,2.1,0.048,16.0,42.0,3.71,0.74,14.0,7,High,0.38095238095238093
6.7,0.54,2.0,0.076,15.0,36.0,3.61,0.64,9.8,5,Medium,0.4166666666666667
7.1,0.48,2.8,0.068,6.0,16.0,3.24,0.53,10.3,5,Medium,0.375
7.1,0.46,2.8,0.076,15.0,37.0,3.36,0.49,10.7,5,Medium,0.40540540540540543
7.5,0.27,2.3,0.05,4.0,8.0,3.4,0.64,11.0,7,High,0.5
7.8,0.57,2.3,0.065,34.0,45.0,3.46,0.74,12.7,8,,0.7555555555555555
5.9,0.61,2.1,0.071,16.0,24.0,3.56,0.77,11.1,6,Medium,0.6666666666666666
7.5,0.685,2.5,0.058,5.0,9.0,3.38,0.55,10.9,4,Low,0.5555555555555556
10.4,0.44,1.5,0.145,34.0,48.0,3.38,0.86,9.9,3,Low,0.7083333333333334
11.6,0.47,1.6,0.147,36.0,51.0,3.38,0.86,9.9,4,Low,0.7058823529411765
8.8,0.685,1.6,0.088,16.0,23.0,3.32,0.47,9.4,5,Medium,0.6956521739130435
7.6,0.665,1.5,0.066,27.0,55.0,3.39,0.51,9.3,5,Medium,0.4909090909090909
6.7,0.28,2.4,0.012,36.0,100.0,3.26,0.39,11.7,7,High,0.36
10.1,0.31,1.6,0.075,9.0,28.0,3.24,0.83,11.2,7,High,0.32142857142857145
6.0,0.5,2.2,0.092,13.0,26.0,3.46,0.47,10.0,5,Medium,0.5
11.1,0.42,2.65,0.085,9.0,34.0,3.24,0.77,12.1,7,High,0.2647058823529412
6.6,0.66,3.0,0.115,21.0,31.0,3.45,0.63,10.3,5,Medium,0.6774193548387096
10.6,0.5,2.6,0.119,34.0,68.0,3.23,0.72,10.9,6,Medium,0.5
7.1,0.685,2.0,0.088,9.0,92.0,3.28,0.62,9.4,5,Medium,0.09782608695652174
9.9,0.25,1.7,0.062,26.0,42.0,3.18,0.83,10.6,6,Medium,0.6190476190476191
6.4,0.64,1.8,0.081,14.0,31.0,3.59,0.66,9.8,5,Medium,0.45161290322580644
7.4,0.68,1.8,0.078,12.0,39.0,3.5,0.7,9.9,6,Medium,0.3076923076923077
6.4,0.63,1.6,0.08,12.0,32.0,3.58,0.66,9.8,5,Medium,0.375
9.3,0.43,1.9,0.085,9.0,22.0,3.28,0.55,9.5,5,Medium,0.4090909090909091
8.0,0.42,2.5,0.08,26.0,122.0,3.22,1.07,9.7,5,Medium,0.21311475409836064
9.3,0.36,1.5,0.08,41.0,55.0,3.47,0.73,10.9,6,Medium,0.7454545454545455
7.6,0.735,2.5,0.071,10.0,14.0,3.51,0.71,11.7,7,High,0.7142857142857143
8.2,0.26,2.5,0.073,16.0,47.0,3.4,0.78,11.3,7,High,0.3404255319148936
11.7,0.28,1.7,0.054,17.0,32.0,3.15,0.67,10.6,7,High,0.53125
6.8,0.56,1.8,0.074,15.0,24.0,3.4,0.82,11.2,6,Medium,0.625
7.2,0.62,2.7,0.077,15.0,85.0,3.51,0.54,9.5,5,Medium,0.17647058823529413
5.8,1.01,2.0,0.039,15.0,88.0,3.66,0.6,11.5,6,Medium,0.17045454545454544
7.5,0.42,2.7,0.067,7.0,25.0,3.24,0.44,10.4,5,Medium,0.28
7.2,0.62,2.5,0.078,17.0,84.0,3.51,0.53,9.7,5,Medium,0.20238095238095238
7.2,0.635,2.6,0.077,16.0,86.0,3.51,0.54,9.7,5,Medium,0.18604651162790697
6.8,0.49,2.3,0.071,13.0,24.0,3.41,0.83,11.3,6,Medium,0.5416666666666666
6.9,0.51,2.0,0.072,13.0,22.0,3.4,0.84,11.2,6,Medium,0.5909090909090909
7.6,0.63,2.0,0.08,27.0,43.0,3.44,0.64,10.9,6,Medium,0.627906976744186
7.7,0.715,2.1,0.064,31.0,43.0,3.41,0.57,11.8,6,Medium,0.7209302325581395
6.9,0.56,1.5,0.086,36.0,46.0,3.53,0.57,10.6,5,Medium,0.782608695652174
7.3,0.35,2.0,0.067,28.0,48.0,3.43,0.54,10.0,4,Low,0.5833333333333334
9.1,0.21,1.6,0.067,6.0,10.0,3.23,0.58,11.1,7,High,0.6
10.4,0.38,2.1,0.104,6.0,10.0,3.12,0.65,11.8,7,High,0.6
8.8,0.31,2.8,0.109,7.0,16.0,3.31,0.79,11.8,7,High,0.4375
7.1,0.47,2.2,0.067,7.0,14.0,3.4,0.58,10.9,4,Low,0.5
8.8,0.61,4.0,0.094,30.0,69.0,3.22,0.5,10.0,6,Medium,0.43478260869565216
7.2,0.6,2.5,0.076,18.0,88.0,3.53,0.55,9.5,5,Medium,0.20454545454545456
9.2,0.56,1.6,0.078,10.0,21.0,3.15,0.49,9.9,5,Medium,0.47619047619047616
7.6,0.715,2.1,0.068,30.0,35.0,3.48,0.65,11.4,6,Medium,0.8571428571428571
8.4,0.31,3.1,0.194,14.0,26.0,3.22,0.78,12.0,6,Medium,0.5384615384615384
8.9,0.75,2.5,0.086,9.0,30.0,3.34,0.64,10.5,5,Medium,0.3
9.0,0.8,2.4,0.083,8.0,28.0,3.33,0.65,10.4,6,Medium,0.2857142857142857
10.7,0.52,2.6,0.066,29.0,56.0,3.15,0.79,12.1,7,High,0.5178571428571429
6.8,0.57,2.5,0.072,32.0,64.0,3.43,0.56,11.2,6,Medium,0.5
10.7,0.9,6.6,0.112,23.0,99.0,3.22,0.68,9.3,5,Medium,0.23232323232323232
7.2,0.34,2.0,0.071,30.0,52.0,3.44,0.58,10.1,5,Medium,0.5769230769230769
7.2,0.66,2.3,0.078,16.0,86.0,3.53,0.57,9.7,5,Medium,0.18604651162790697
10.1,0.45,1.9,0.082,10.0,18.0,3.22,0.65,9.3,6,Medium,0.5555555555555556
7.2,0.63,2.2,0.08,17.0,88.0,3.53,0.58,9.8,6,Medium,0.19318181818181818
7.1,0.59,2.3,0.08,27.0,43.0,3.42,0.58,10.7,6,Medium,0.627906976744186
8.3,0.31,2.4,0.078,17.0,43.0,3.31,0.77,12.5,7,High,0.3953488372093023
8.3,1.02,3.4,0.084,6.0,11.0,3.48,0.49,11.0,3,Low,0.5454545454545454
8.9,0.31,2.6,0.056,10.0,39.0,3.4,0.69,11.8,5,Medium,0.2564102564102564
7.4,0.635,2.4,0.08,16.0,33.0,3.58,0.69,10.8,7,High,0.48484848484848486
6.8,0.59,6.0,0.06,11.0,18.0,3.41,0.59,10.8,7,High,0.6111111111111112
9.2,0.58,3.0,0.081,15.0,115.0,3.23,0.59,9.5,5,Medium,0.13043478260869565
7.2,0.54,2.6,0.084,12.0,78.0,3.39,0.71,11.0,5,Medium,0.15384615384615385
6.1,0.56,2.2,0.079,6.0,9.0,3.59,0.54,11.5,6,Medium,0.6666666666666666
7.4,0.52,2.4,0.078,34.0,61.0,3.43,0.59,10.8,6,Medium,0.5573770491803278
7.3,0.305,1.2,0.059,7.0,11.0,3.29,0.52,11.5,6,Medium,0.6363636363636364
9.3,0.38,3.8,0.132,3.0,11.0,3.23,0.57,13.2,6,Medium,0.2727272727272727
9.1,0.28,9.0,0.114,3.0,9.0,3.18,0.6,10.9,6,Medium,0.3333333333333333
10.0,0.46,2.9,0.065,4.0,8.0,3.33,0.62,12.2,6,Medium,0.5
9.4,0.395,4.6,0.094,3.0,10.0,3.27,0.64,12.2,7,High,0.3
8.6,0.315,2.2,0.079,3.0,6.0,3.27,0.67,11.9,6,Medium,0.5
5.3,0.715,1.5,0.161,7.0,62.0,3.62,0.61,11.0,5,Medium,0.11290322580645161
6.8,0.41,8.8,0.084,26.0,45.0,3.38,0.64,10.1,6,Medium,0.5777777777777777
8.4,0.36,2.2,0.081,32.0,79.0,3.3,0.72,11.0,6,Medium,0.4050632911392405
8.4,0.62,1.8,0.072,38.0,46.0,3.38,0.89,11.8,6,Medium,0.8260869565217391
9.6,0.41,2.3,0.091,10.0,23.0,3.24,0.56,10.5,5,Medium,0.43478260869565216
8.6,0.47,2.3,0.055,14.0,28.0,3.18,0.8,11.2,5,Medium,0.5
8.6,0.22,1.9,0.064,53.0,77.0,3.47,0.87,11.0,7,High,0.6883116883116883
9.4,0.24,2.3,0.061,52.0,73.0,3.47,0.9,10.2,6,Medium,0.7123287671232876
8.4,0.67,2.2,0.093,11.0,75.0,3.2,0.59,9.2,4,Low,0.14666666666666667
8.7,0.33,3.3,0.063,10.0,19.0,3.3,0.73,12.0,7,High,0.5263157894736842
6.6,0.61,1.9,0.08,8.0,25.0,3.69,0.73,10.5,5,Medium,0.32
7.4,0.61,2.0,0.074,13.0,38.0,3.48,0.65,9.8,5,Medium,0.34210526315789475
7.6,0.4,1.9,0.078,29.0,66.0,3.45,0.59,9.5,6,Medium,0.4393939393939394
8.8,0.3,2.3,0.06,19.0,72.0,3.39,0.72,11.8,6,Medium,0.2638888888888889
12.0,0.63,1.4,0.071,6.0,26.0,3.07,0.6,10.4,4,Low,0.23076923076923078
7.2,0.38,2.8,0.068,23.0,42.0,3.34,0.72,12.9,7,High,0.5476190476190477
6.2,0.46,1.6,0.073,7.0,11.0,3.61,0.54,11.4,5,Medium,0.6363636363636364
9.6,0.33,2.2,0.074,13.0,25.0,3.36,0.76,12.4,7,High,0.52
9.9,0.27,5.0,0.082,9.0,17.0,3.19,0.52,12.5,7,High,0.5294117647058824
10.1,0.43,2.6,0.092,13.0,52.0,3.22,0.64,10.0,7,High,0.25
9.8,0.5,2.3,0.094,10.0,45.0,3.24,0.6,9.7,7,High,0.2222222222222222
8.3,0.3,3.8,0.09,11.0,24.0,3.27,0.64,12.1,7,High,0.4583333333333333
10.2,0.44,2.0,0.071,7.0,20.0,3.14,0.79,11.1,7,High,0.35
10.2,0.44,4.1,0.092,11.0,24.0,3.29,0.99,12.0,7,High,0.4583333333333333
8.3,0.28,2.1,0.093,6.0,12.0,3.26,0.62,12.4,7,High,0.5
8.9,0.12,1.8,0.075,10.0,21.0,3.41,0.76,11.9,7,High,0.47619047619047616
8.2,0.31,2.2,0.058,6.0,10.0,3.31,0.68,11.2,7,High,0.6
10.2,0.34,2.1,0.052,5.0,9.0,3.2,0.69,12.1,7,High,0.5555555555555556
7.6,0.43,2.7,0.082,6.0,11.0,3.44,0.54,12.2,6,Medium,0.5454545454545454
8.5,0.21,1.9,0.09,9.0,23.0,3.36,0.67,10.4,5,Medium,0.391304347826087
9.0,0.36,2.1,0.111,5.0,10.0,3.31,0.62,11.3,6,Medium,0.5
9.5,0.37,2.0,0.088,12.0,51.0,3.29,0.58,11.1,6,Medium,0.23529411764705882
6.4,0.57,2.3,0.12,25.0,36.0,3.47,0.71,11.3,7,High,0.6944444444444444
8.0,0.59,2.0,0.089,12.0,32.0,3.36,0.61,10.0,5,Medium,0.375
8.5,0.47,1.9,0.058,18.0,38.0,3.16,0.85,11.1,6,Medium,0.47368421052631576
7.1,0.56,1.6,0.078,7.0,18.0,3.27,0.62,9.3,5,Medium,0.3888888888888889
6.6,0.57,2.1,0.115,6.0,16.0,3.38,0.69,9.5,5,Medium,0.375
8.8,0.27,2.0,0.1,20.0,27.0,3.15,0.69,11.2,6,Medium,0.7407407407407407
8.3,0.34,2.4,0.065,24.0,48.0,3.34,0.86,11.0,6,Medium,0.5
9.0,0.38,2.4,0.103,6.0,10.0,3.13,0.58,11.9,7,High,0.6
8.5,0.66,2.1,0.097,23.0,113.0,3.13,0.48,9.2,5,Medium,0.20353982300884957
9.0,0.4,2.4,0.068,29.0,46.0,3.2,0.6,12.2,6,Medium,0.6304347826086957
6.7,0.56,2.9,0.079,7.0,22.0,3.46,0.61,10.2,5,Medium,0.3181818181818182
10.4,0.26,1.9,0.066,6.0,10.0,3.33,0.87,10.9,6,Medium,0.6
10.1,0.38,2.4,0.104,6.0,13.0,3.22,0.65,11.6,7,High,0.46153846153846156
8.5,0.34,1.7,0.079,6.0,12.0,3.52,0.63,10.7,5,Medium,0.5
8.8,0.33,5.9,0.073,7.0,13.0,3.3,0.62,12.1,7,High,0.5384615384615384
7.2,0.41,2.1,0.083,35.0,72.0,3.44,0.52,9.4,5,Medium,0.4861111111111111
8.4,0.59,2.6,0.109,31.0,119.0,3.15,0.5,9.1,5,Medium,0.2605042016806723
7.0,0.4,3.6,0.061,9.0,29.0,3.28,0.49,11.3,7,High,0.3103448275862069
12.2,0.45,1.4,0.075,3.0,6.0,3.13,0.63,10.4,5,Medium,0.5
9.1,0.5,1.9,0.065,8.0,17.0,3.32,0.71,10.5,6,Medium,0.47058823529411764
9.5,0.86,1.9,0.079,13.0,28.0,3.25,0.62,10.0,5,Medium,0.4642857142857143
7.3,0.52,2.1,0.07,51.0,70.0,3.34,0.82,12.9,6,Medium,0.7285714285714285
7.4,0.58,2.0,0.064,7.0,11.0,3.45,0.58,11.3,6,Medium,0.6363636363636364
9.8,0.34,1.4,0.066,3.0,7.0,3.19,0.55,11.4,7,High,0.42857142857142855
7.1,0.36,1.6,0.08,35.0,70.0,3.44,0.5,9.4,5,Medium,0.5
7.7,0.39,1.7,0.097,19.0,27.0,3.16,0.49,9.4,5,Medium,0.7037037037037037
9.7,0.295,1.5,0.073,14.0,21.0,3.14,0.51,10.9,6,Medium,0.6666666666666666
7.1,0.34,2.0,0.082,31.0,68.0,3.45,0.48,9.4,5,Medium,0.45588235294117646
6.5,0.4,2.0,0.076,30.0,47.0,3.36,0.48,9.4,6,Medium,0.6382978723404256
10.0,0.35,2.5,0.092,20.0,88.0,3.15,0.43,9.4,5,Medium,0.22727272727272727
7.7,0.6,2.0,0.079,19.0,41.0,3.39,0.62,10.1,6,Medium,0.4634146341463415
5.6,0.66,2.2,0.087,3.0,11.0,3.71,0.63,12.8,7,High,0.2727272727272727
8.9,0.84,1.4,0.05,4.0,10.0,3.12,0.48,9.1,6,Medium,0.4
6.4,0.69,1.65,0.055,7.0,12.0,3.47,0.53,12.9,6,Medium,0.5833333333333334
7.5,0.43,2.2,0.062,6.0,12.0,3.44,0.72,11.5,7,High,0.5
9.9,0.35,1.5,0.058,31.0,47.0,3.26,0.82,10.6,7,High,0.6595744680851063
9.1,0.29,2.05,0.063,13.0,27.0,3.26,0.84,11.7,7,High,0.48148148148148145
6.8,0.36,1.8,0.067,4.0,8.0,3.36,0.55,12.8,7,High,0.5
8.2,0.43,1.6,0.081,27.0,45.0,3.25,0.54,10.3,5,Medium,0.6
9.1,0.3,2.0,0.064,12.0,25.0,3.26,0.84,11.7,7,High,0.48
8.9,0.35,3.6,0.11,12.0,24.0,3.23,0.7,12.0,7,High,0.5
9.6,0.5,2.8,0.116,26.0,55.0,3.18,0.68,10.9,5,Medium,0.4727272727272727
8.9,0.28,1.7,0.067,7.0,12.0,3.25,0.55,12.3,7,High,0.5833333333333334
8.9,0.32,2.0,0.088,12.0,19.0,3.17,0.55,10.4,6,Medium,0.631578947368421
7.7,1.005,2.1,0.102,11.0,32.0,3.23,0.48,10.0,5,Medium,0.34375
7.5,0.71,1.6,0.092,22.0,31.0,3.38,0.58,10.0,6,Medium,0.7096774193548387
8.0,0.58,2.0,0.12,3.0,7.0,3.22,0.58,11.2,6,Medium,0.42857142857142855
10.5,0.39,2.2,0.075,14.0,27.0,3.06,0.84,11.4,6,Medium,0.5185185185185185
8.9,0.38,2.2,0.068,12.0,28.0,3.27,0.75,12.6,7,High,0.42857142857142855
8.0,0.18,0.9,0.049,36.0,109.0,2.89,0.44,12.7,6,Medium,0.3302752293577982
7.0,0.5,1.8,0.078,10.0,23.0,3.53,0.61,10.4,5,Medium,0.43478260869565216
11.3,0.36,2.4,0.123,3.0,8.0,3.2,0.53,11.9,6,Medium,0.375
7.0,0.51,2.1,0.062,4.0,9.0,3.35,0.54,10.5,5,Medium,0.4444444444444444
8.2,0.32,2.3,0.098,3.0,9.0,3.27,0.55,12.3,6,Medium,0.3333333333333333
7.7,0.58,1.8,0.088,12.0,18.0,3.32,0.56,10.5,7,High,0.6666666666666666
8.6,0.83,2.8,0.095,17.0,43.0,3.33,0.6,10.4,6,Medium,0.3953488372093023
7.9,0.31,1.9,0.066,14.0,36.0,3.41,0.56,12.6,6,Medium,0.3888888888888889
6.4,0.795,2.2,0.065,28.0,52.0,3.49,0.52,11.6,5,Medium,0.5384615384615384
7.2,0.34,2.5,0.075,41.0,68.0,3.37,0.54,10.1,6,Medium,0.6029411764705882
7.1,0.59,2.1,0.091,9.0,14.0,3.42,0.55,11.5,7,High,0.6428571428571429
7.3,0.55,1.8,0.093,9.0,15.0,3.35,0.58,11.0,7,High,0.6
8.1,0.82,4.1,0.095,5.0,14.0,3.36,0.53,9.6,5,Medium,0.35714285714285715
7.5,0.57,2.6,0.089,14.0,27.0,3.3,0.59,10.4,6,Medium,0.5185185185185185
8.9,0.745,2.5,0.077,15.0,48.0,3.2,0.47,9.7,6,Medium,0.3125
10.1,0.37,2.4,0.085,5.0,17.0,3.17,0.65,10.6,7,High,0.29411764705882354
7.6,0.31,2.5,0.082,26.0,35.0,3.22,0.59,12.5,7,High,0.7428571428571429
7.3,0.91,1.8,0.074,20.0,56.0,3.35,0.56,9.2,5,Medium,0.35714285714285715
8.7,0.41,6.2,0.078,25.0,42.0,3.24,0.77,12.6,7,High,0.5952380952380952
8.9,0.5,2.2,0.088,21.0,39.0,3.33,0.83,11.1,6,Medium,0.5384615384615384
7.4,0.965,2.2,0.088,16.0,32.0,3.58,0.67,10.2,5,Medium,0.5
6.9,0.49,1.7,0.079,13.0,26.0,3.38,0.64,9.8,6,Medium,0.5
9.5,0.39,8.9,0.069,18.0,39.0,3.29,0.81,10.9,7,High,0.46153846153846156
6.4,0.39,3.3,0.046,12.0,53.0,3.36,0.62,12.2,6,Medium,0.22641509433962265
6.9,0.44,1.4,0.07,32.0,38.0,3.32,0.58,11.4,6,Medium,0.8421052631578947
7.6,0.78,1.7,0.076,33.0,45.0,3.31,0.62,10.7,6,Medium,0.7333333333333333
7.1,0.43,1.8,0.082,27.0,51.0,3.49,0.64,10.4,5,Medium,0.5294117647058824
9.3,0.49,1.7,0.081,3.0,14.0,3.27,0.78,10.9,6,Medium,0.21428571428571427
9.3,0.5,1.8,0.084,6.0,17.0,3.27,0.77,10.8,6,Medium,0.35294117647058826
8.5,0.46,1.4,0.414,16.0,45.0,3.03,1.34,9.2,5,Medium,0.35555555555555557
5.6,0.605,2.4,0.073,19.0,25.0,3.56,0.55,12.9,5,Medium,0.76
8.3,0.33,2.3,0.07,9.0,20.0,3.38,0.77,12.7,7,High,0.45
8.2,0.64,2.0,0.095,5.0,77.0,3.13,0.62,9.1,6,Medium,0.06493506493506493
8.9,0.48,4.0,0.101,3.0,10.0,3.21,0.59,12.1,7,High,0.3
7.6,0.42,3.9,0.104,28.0,90.0,3.15,0.57,9.1,5,Medium,0.3111111111111111
9.9,0.53,2.4,0.093,30.0,52.0,3.19,0.76,11.6,7,High,0.5769230769230769
11.6,0.23,1.8,0.074,3.0,8.0,3.14,0.7,9.9,6,Medium,0.375
9.1,0.4,1.8,0.071,7.0,16.0,3.21,0.69,12.5,8,,0.4375
8.0,0.38,1.9,0.098,6.0,15.0,3.3,0.64,11.4,6,Medium,0.4
10.2,0.29,2.4,0.075,6.0,17.0,3.22,0.63,11.8,6,Medium,0.35294117647058826
8.2,0.74,2.0,0.067,5.0,10.0,3.28,0.57,11.8,6,Medium,0.5
7.7,0.61,2.4,0.083,6.0,20.0,3.29,0.6,10.2,6,Medium,0.3
6.6,0.52,2.4,0.07,13.0,26.0,3.4,0.72,12.5,7,High,0.5
11.1,0.31,2.2,0.06,3.0,10.0,3.02,0.83,10.9,7,High,0.3
8.0,0.62,2.8,0.086,28.0,52.0,3.31,0.62,10.8,5,Medium,0.5384615384615384
9.3,0.33,1.5,0.057,19.0,37.0,3.18,0.89,11.1,7,High,0.5135135135135135
7.5,0.77,8.1,0.098,30.0,92.0,3.2,0.58,9.2,5,Medium,0.32608695652173914
7.2,0.35,1.8,0.083,33.0,75.0,3.4,0.58,9.5,6,Medium,0.44
8.0,0.62,2.7,0.088,16.0,37.0,3.31,0.58,10.7,6,Medium,0.43243243243243246
9.1,0.25,2.0,0.071,45.0,67.0,3.44,0.86,10.2,7,High,0.6716417910447762
9.9,0.32,2.0,0.073,3.0,8.0,3.15,0.73,11.4,6,Medium,0.375
8.6,0.37,6.4,0.08,3.0,8.0,3.27,0.58,11.0,5,Medium,0.375
7.9,0.3,8.3,0.05,37.5,278.0,3.01,0.51,12.3,7,High,0.13489208633093525
10.3,0.27,1.4,0.047,3.0,8.0,3.16,0.51,11.8,6,Medium,0.375
7.9,0.3,8.3,0.05,37.5,289.0,3.01,0.51,12.3,7,High,0.12975778546712802
7.2,0.38,1.8,0.073,31.0,70.0,3.42,0.59,9.5,6,Medium,0.44285714285714284
8.7,0.42,2.4,0.072,32.0,59.0,3.33,0.77,12.0,6,Medium,0.5423728813559322
6.8,0.48,1.8,0.074,40.0,64.0,3.12,0.49,9.6,5,Medium,0.625
8.5,0.34,4.7,0.055,3.0,9.0,3.38,0.66,11.6,7,High,0.3333333333333333
7.9,0.19,1.6,0.057,18.0,30.0,3.29,0.69,11.2,6,Medium,0.6
11.6,0.41,1.5,0.095,22.0,41.0,3.02,0.76,9.9,7,High,0.5365853658536586
10.0,0.26,1.9,0.083,42.0,74.0,2.98,0.63,11.8,8,,0.5675675675675675
7.9,0.34,2.0,0.086,8.0,19.0,3.35,0.6,11.4,6,Medium,0.42105263157894735
7.0,0.54,2.0,0.081,10.0,16.0,3.43,0.59,11.5,6,Medium,0.625
9.2,0.31,2.2,0.079,11.0,31.0,3.33,0.86,12.0,7,High,0.3548387096774194
6.6,0.725,5.5,0.117,9.0,17.0,3.35,0.49,10.8,6,Medium,0.5294117647058824
9.4,0.4,2.5,0.087,6.0,20.0,3.15,0.5,10.5,5,Medium,0.3
8.6,0.52,1.5,0.096,5.0,18.0,3.2,0.52,9.4,5,Medium,0.2777777777777778
8.0,0.31,2.1,0.216,5.0,16.0,3.15,0.81,12.5,7,High,0.3125
8.4,0.34,2.1,0.072,23.0,36.0,3.11,0.78,12.4,6,Medium,0.6388888888888888
7.4,0.49,2.1,0.071,14.0,25.0,3.35,0.63,12.0,6,Medium,0.56
6.1,0.48,1.7,0.078,18.0,30.0,3.45,0.54,11.2,6,Medium,0.6
8.0,0.48,2.2,0.073,16.0,25.0,3.28,0.66,12.4,6,Medium,0.64
6.3,0.57,2.1,0.048,13.0,49.0,3.41,0.6,12.8,5,Medium,0.2653061224489796
8.2,0.23,1.9,0.069,9.0,17.0,3.21,0.54,12.3,6,Medium,0.5294117647058824
9.1,0.3,2.0,0.068,10.0,24.0,3.27,0.85,11.7,7,High,0.4166666666666667
8.1,0.78,3.3,0.09,4.0,13.0,3.36,0.49,9.5,5,Medium,0.3076923076923077
10.8,0.47,2.1,0.171,27.0,66.0,3.17,0.76,10.8,6,Medium,0.4090909090909091
8.3,0.53,1.4,0.07,6.0,14.0,3.25,0.64,10.0,6,Medium,0.42857142857142855
5.4,0.42,2.0,0.092,23.0,55.0,3.78,0.64,12.3,7,High,0.41818181818181815
7.9,0.33,1.5,0.056,6.0,35.0,3.29,0.71,11.0,6,Medium,0.17142857142857143
8.9,0.24,1.6,0.074,3.0,10.0,3.12,0.59,9.5,6,Medium,0.3
5.0,0.4,4.3,0.046,29.0,80.0,3.49,0.66,13.6,6,Medium,0.3625
7.0,0.69,2.5,0.091,15.0,21.0,3.38,0.6,11.3,6,Medium,0.7142857142857143
7.1,0.39,2.1,0.065,14.0,24.0,3.3,0.53,13.3,6,Medium,0.5833333333333334
5.6,0.66,2.5,0.066,7.0,15.0,3.52,0.58,12.9,5,Medium,0.4666666666666667
7.9,0.54,2.5,0.076,8.0,17.0,3.2,0.72,13.1,8,,0.47058823529411764
6.6,0.5,1.8,0.062,21.0,28.0,3.44,0.55,12.3,6,Medium,0.75
6.3,0.47,1.4,0.055,27.0,33.0,3.45,0.48,12.3,6,Medium,0.8181818181818182
10.7,0.4,1.9,0.081,17.0,29.0,3.12,0.65,11.2,6,Medium,0.5862068965517241
6.5,0.58,2.2,0.096,3.0,13.0,3.62,0.62,11.5,4,Low,0.23076923076923078
8.8,0.24,1.7,0.055,13.0,27.0,3.14,0.59,11.3,7,High,0.48148148148148145
5.8,0.29,1.7,0.063,3.0,11.0,3.39,0.54,13.5,6,Medium,0.2727272727272727
6.3,0.76,2.9,0.072,26.0,52.0,3.51,0.6,11.5,6,Medium,0.5
10.0,0.43,2.7,0.095,28.0,89.0,3.22,0.68,10.0,5,Medium,0.3146067415730337
10.5,0.43,3.3,0.092,24.0,70.0,3.21,0.69,10.5,6,Medium,0.34285714285714286
9.1,0.6,1.9,0.058,5.0,10.0,3.18,0.63,10.4,6,Medium,0.5
5.9,0.19,1.7,0.045,57.0,135.0,3.32,0.44,9.5,5,Medium,0.4222222222222222
7.4,0.36,1.8,0.075,18.0,38.0,3.38,0.88,13.6,7,High,0.47368421052631576
7.2,0.48,5.5,0.089,10.0,18.0,3.37,0.68,11.2,7,High,0.5555555555555556
8.5,0.28,1.7,0.061,6.0,15.0,3.3,0.74,11.8,7,High,0.4
8.0,0.25,1.7,0.067,22.0,50.0,3.38,0.6,11.9,6,Medium,0.44
10.4,0.52,2.0,0.08,6.0,13.0,3.22,0.76,11.4,6,Medium,0.46153846153846156
7.5,0.41,3.7,0.104,29.0,94.0,3.14,0.58,9.1,5,Medium,0.30851063829787234
8.2,0.51,2.0,0.079,16.0,86.0,3.34,0.64,9.5,6,Medium,0.18604651162790697
7.3,0.4,1.7,0.08,33.0,79.0,3.41,0.65,9.5,6,Medium,0.4177215189873418
8.2,0.38,2.5,0.08,24.0,71.0,3.27,0.85,11.0,6,Medium,0.3380281690140845
6.9,0.45,2.4,0.043,6.0,12.0,3.3,0.65,11.4,6,Medium,0.5
7.0,0.22,1.8,0.065,16.0,20.0,3.61,0.82,10.0,6,Medium,0.8
7.3,0.32,2.3,0.066,35.0,70.0,3.43,0.62,10.1,5,Medium,0.5
8.2,0.2,2.5,0.076,31.0,51.0,3.53,0.81,10.4,6,Medium,0.6078431372549019
7.8,0.5,1.8,0.178,6.0,21.0,3.28,0.87,9.8,6,Medium,0.2857142857142857
10.0,0.41,6.2,0.071,6.0,14.0,3.21,0.49,11.8,7,High,0.42857142857142855
7.8,0.39,2.0,0.086,9.0,21.0,3.39,0.66,11.6,6,Medium,0.42857142857142855
10.0,0.35,2.0,0.061,6.0,11.0,3.23,0.52,12.0,6,Medium,0.5454545454545454
8.2,0.33,2.8,0.067,4.0,12.0,3.3,0.76,12.8,7,High,0.3333333333333333
6.1,0.58,2.5,0.044,16.0,70.0,3.46,0.65,12.5,6,Medium,0.22857142857142856
8.3,0.6,2.2,0.118,9.0,38.0,3.15,0.53,9.8,5,Medium,0.23684210526315788
9.6,0.42,2.1,0.083,17.0,38.0,3.23,0.66,11.1,6,Medium,0.4473684210526316
6.6,0.58,2.2,0.1,50.0,63.0,3.59,0.68,11.4,6,Medium,0.7936507936507936
8.5,0.18,1.75,0.071,45.0,88.0,3.33,0.76,11.8,7,High,0.5113636363636364
5.1,0.51,2.1,0.042,16.0,101.0,3.46,0.87,12.9,7,High,0.15841584158415842
6.7,0.41,2.8,0.076,22.0,54.0,3.42,1.16,10.6,6,Medium,0.4074074074074074
10.2,0.41,2.2,0.11,11.0,37.0,3.16,0.67,10.8,5,Medium,0.2972972972972973
10.6,0.36,2.3,0.087,6.0,20.0,3.14,0.72,11.1,7,High,0.3
8.8,0.45,1.4,0.076,12.0,21.0,3.21,0.75,10.2,6,Medium,0.5714285714285714
8.5,0.32,2.3,0.075,12.0,19.0,3.14,0.71,11.8,7,High,0.631578947368421
9.0,0.785,1.7,0.078,10.0,21.0,3.29,0.67,10.0,5,Medium,0.47619047619047616
8.5,0.44,1.9,0.369,15.0,38.0,3.01,1.1,9.4,5,Medium,0.39473684210526316
9.9,0.54,2.0,0.111,7.0,60.0,2.94,0.98,10.2,5,Medium,0.11666666666666667
8.2,0.33,2.5,0.074,29.0,48.0,3.32,0.88,12.4,7,High,0.6041666666666666
6.5,0.34,2.8,0.067,8.0,44.0,3.21,0.56,12.0,6,Medium,0.18181818181818182
7.6,0.5,2.3,0.086,5.0,14.0,3.32,0.62,11.5,6,Medium,0.35714285714285715
9.2,0.36,1.6,0.062,5.0,12.0,3.2,0.67,10.5,6,Medium,0.4166666666666667
7.1,0.59,2.2,0.078,26.0,44.0,3.42,0.68,10.8,6,Medium,0.5909090909090909
9.7,0.42,2.1,0.074,5.0,16.0,3.27,0.74,12.3,6,Medium,0.3125
7.6,0.36,1.7,0.079,26.0,65.0,3.46,0.62,9.5,6,Medium,0.4
6.5,0.61,2.2,0.095,48.0,59.0,3.61,0.7,11.5,6,Medium,0.8135593220338984
6.5,0.88,5.6,0.079,23.0,47.0,3.58,0.5,11.2,4,Low,0.48936170212765956
7.1,0.66,2.4,0.052,6.0,11.0,3.35,0.66,12.7,7,High,0.5454545454545454
5.6,0.915,2.1,0.041,17.0,78.0,3.68,0.73,11.4,5,Medium,0.21794871794871795
8.2,0.35,2.4,0.076,11.0,47.0,3.27,0.81,11.0,6,Medium,0.23404255319148937
9.8,0.39,1.65,0.068,5.0,11.0,3.19,0.46,11.4,5,Medium,0.45454545454545453
10.2,0.4,2.5,0.068,41.0,54.0,3.38,0.86,10.5,6,Medium,0.7592592592592593
6.8,0.66,1.6,0.07,16.0,61.0,3.29,0.6,9.3,5,Medium,0.26229508196721313
6.7,0.64,2.1,0.08,11.0,119.0,3.36,0.7,10.9,5,Medium,0.09243697478991597
7.0,0.43,2.0,0.085,6.0,39.0,3.33,0.46,11.9,6,Medium,0.15384615384615385
6.6,0.8,7.8,0.079,6.0,12.0,3.52,0.5,12.2,5,Medium,0.5
8.8,0.955,1.8,0.075,5.0,19.0,3.3,0.44,9.6,4,Low,0.2631578947368421
9.1,0.4,4.6,0.08,6.0,20.0,3.28,0.57,12.5,6,Medium,0.3
6.5,0.885,2.3,0.166,6.0,12.0,3.56,0.51,10.8,5,Medium,0.5
7.2,0.25,2.5,0.063,11.0,41.0,3.52,0.8,12.4,7,High,0.2682926829268293
6.4,0.885,2.3,0.166,6.0,12.0,3.56,0.51,10.8,5,Medium,0.5
7.0,0.745,1.8,0.114,15.0,64.0,3.22,0.59,9.5,6,Medium,0.234375
6.2,0.43,1.8,0.078,21.0,56.0,3.52,0.6,9.5,6,Medium,0.375
7.9,0.58,2.3,0.076,23.0,94.0,3.21,0.58,9.5,6,Medium,0.24468085106382978
7.7,0.57,1.5,0.069,4.0,9.0,3.16,0.54,9.8,6,Medium,0.4444444444444444
7.7,0.26,2.0,0.052,19.0,77.0,3.15,0.79,10.9,6,Medium,0.24675324675324675
7.9,0.34,1.9,0.065,5.0,10.0,3.27,0.54,11.2,7,High,0.5
8.6,0.42,1.8,0.068,6.0,12.0,3.35,0.69,11.7,8,,0.5
9.9,0.74,5.8,0.111,33.0,76.0,3.14,0.55,9.4,5,Medium,0.4342105263157895
7.2,0.36,2.1,0.074,24.0,44.0,3.4,0.85,11.0,7,High,0.5454545454545454
9.9,0.72,1.7,0.136,24.0,52.0,3.35,0.94,10.0,5,Medium,0.46153846153846156
6.2,0.39,2.0,0.071,14.0,24.0,3.45,0.87,11.2,7,High,0.5833333333333334
6.8,0.65,2.1,0.078,8.0,15.0,3.35,0.62,10.4,6,Medium,0.5333333333333333
6.6,0.44,2.1,0.076,22.0,53.0,3.32,0.62,9.3,5,Medium,0.41509433962264153
9.6,0.38,1.9,0.071,5.0,13.0,3.15,0.75,10.5,6,Medium,0.38461538461538464
10.2,0.33,1.9,0.081,6.0,9.0,3.1,0.48,10.4,6,Medium,0.6666666666666666
8.8,0.27,2.1,0.095,20.0,29.0,3.26,0.56,11.3,6,Medium,0.6896551724137931
7.9,0.57,2.0,0.079,10.0,79.0,3.29,0.69,9.5,6,Medium,0.12658227848101267
8.2,0.34,1.9,0.057,43.0,74.0,3.23,0.81,12.0,6,Medium,0.581081081081081
8.2,0.4,1.9,0.082,8.0,24.0,3.24,0.69,10.6,6,Medium,0.3333333333333333
9.0,0.39,1.3,0.044,25.0,50.0,3.2,0.83,10.9,6,Medium,0.5
10.9,0.32,1.8,0.132,17.0,44.0,3.28,0.77,11.5,6,Medium,0.38636363636363635
8.1,0.53,2.2,0.078,33.0,89.0,3.26,0.46,9.6,6,Medium,0.3707865168539326
10.5,0.36,2.2,0.074,9.0,23.0,3.23,0.76,12.0,6,Medium,0.391304347826087
12.6,0.39,2.5,0.08,8.0,20.0,3.07,0.82,10.3,6,Medium,0.4
9.2,0.46,2.6,0.091,18.0,77.0,3.15,0.51,9.4,5,Medium,0.23376623376623376
7.5,0.58,4.1,0.08,27.0,46.0,3.02,0.47,9.2,5,Medium,0.5869565217391305
9.0,0.58,2.0,0.104,8.0,21.0,3.27,0.72,9.6,5,Medium,0.38095238095238093
5.1,0.42,1.8,0.044,18.0,88.0,3.68,0.73,13.6,7,High,0.20454545454545456
7.6,0.43,2.1,0.075,19.0,66.0,3.4,0.64,9.5,5,Medium,0.2878787878787879
7.7,0.18,2.7,0.066,15.0,58.0,3.37,0.78,11.8,6,Medium,0.25862068965517243
7.8,0.815,2.6,0.074,48.0,90.0,3.38,0.62,10.8,5,Medium,0.5333333333333333
10.2,0.23,2.2,0.057,14.0,36.0,3.23,0.49,9.3,4,Low,0.3888888888888889
7.1,0.75,2.2,0.059,11.0,18.0,3.39,0.4,12.8,6,Medium,0.6111111111111112
6.0,0.33,12.9,0.054,6.0,113.0,3.3,0.56,11.5,4,Low,0.05309734513274336
7.8,0.55,1.7,0.07,7.0,17.0,3.26,0.64,9.4,6,Medium,0.4117647058823529
8.1,0.73,2.5,0.081,12.0,24.0,3.38,0.46,9.6,4,Low,0.5
6.5,0.67,4.3,0.057,11.0,20.0,3.45,0.56,11.8,4,Low,0.55
7.5,0.61,1.7,0.076,36.0,60.0,3.1,0.4,9.3,5,Medium,0.6
9.8,0.37,2.5,0.079,28.0,65.0,3.16,0.59,9.8,5,Medium,0.4307692307692308
9.0,0.4,2.0,0.058,15.0,40.0,3.22,0.6,12.2,6,Medium,0.375
8.3,0.56,2.4,0.082,10.0,86.0,3.37,0.62,9.5,5,Medium,0.11627906976744186
5.9,0.29,13.4,0.067,72.0,160.0,3.33,0.54,10.3,6,Medium,0.45
7.4,0.55,1.8,0.082,15.0,34.0,3.49,0.68,10.5,5,Medium,0.4411764705882353
7.4,0.74,1.7,0.086,15.0,48.0,3.12,0.48,10.0,5,Medium,0.3125
6.9,0.41,2.2,0.081,22.0,36.0,3.41,0.75,11.1,6,Medium,0.6111111111111112
7.1,0.6,2.3,0.079,24.0,37.0,3.4,0.61,10.9,6,Medium,0.6486486486486487
7.5,0.58,2.2,0.077,27.0,60.0,3.28,0.59,9.8,5,Medium,0.45
7.1,0.72,1.8,0.123,6.0,14.0,3.45,0.58,9.8,5,Medium,0.42857142857142855
7.9,0.66,1.4,0.096,6.0,13.0,3.43,0.58,9.5,5,Medium,0.46153846153846156
7.8,0.7,1.9,0.079,20.0,35.0,3.4,0.69,10.9,5,Medium,0.5714285714285714
6.1,0.64,2.4,0.069,26.0,46.0,3.47,0.45,11.0,5,Medium,0.5652173913043478
7.5,0.59,1.8,0.082,43.0,60.0,3.1,0.42,9.2,5,Medium,0.7166666666666667
7.0,0.58,4.8,0.085,12.0,69.0,3.32,0.7,11.0,6,Medium,0.17391304347826086
6.8,0.64,2.7,0.123,15.0,33.0,3.44,0.63,11.3,6,Medium,0.45454545454545453
8.6,0.635,1.8,0.403,19.0,56.0,3.02,1.15,9.3,5,Medium,0.3392857142857143
6.3,1.02,2.0,0.083,17.0,24.0,3.59,0.55,11.2,4,Low,0.7083333333333334
9.8,0.45,2.5,0.081,34.0,66.0,3.15,0.58,9.8,5,Medium,0.5151515151515151
8.2,0.78,2.2,0.089,13.0,26.0,3.37,0.46,9.6,4,Low,0.5
8.5,0.37,1.8,0.066,26.0,51.0,3.38,0.72,11.8,6,Medium,0.5098039215686274
7.2,0.57,2.3,0.081,16.0,36.0,3.38,0.6,10.3,6,Medium,0.4444444444444444
10.4,0.43,2.3,0.068,13.0,19.0,3.1,0.87,11.4,6,Medium,0.6842105263157895
6.9,0.41,2.0,0.079,21.0,51.0,3.47,0.55,9.5,6,Medium,0.4117647058823529
5.5,0.49,1.8,0.044,28.0,87.0,3.5,0.82,14.0,8,,0.3218390804597701
5.0,0.38,1.6,0.048,26.0,60.0,3.7,0.75,14.0,6,Medium,0.43333333333333335
7.3,0.44,1.6,0.049,24.0,64.0,3.38,0.57,11.7,6,Medium,0.375
5.9,0.46,1.9,0.077,25.0,44.0,3.5,0.53,11.2,5,Medium,0.5681818181818182
7.5,0.58,2.0,0.073,34.0,44.0,3.1,0.43,9.3,5,Medium,0.7727272727272727
7.8,0.58,2.1,0.102,17.0,36.0,3.24,0.53,11.2,6,Medium,0.4722222222222222
8.0,0.715,2.3,0.075,13.0,81.0,3.24,0.54,9.5,6,Medium,0.16049382716049382
8.5,0.4,6.3,0.05,3.0,10.0,3.28,0.56,12.0,4,Low,0.3
7.0,0.69,1.9,0.114,3.0,10.0,3.35,0.6,9.7,6,Medium,0.3
9.8,0.3,1.7,0.062,3.0,9.0,3.14,0.57,11.5,7,High,0.3333333333333333
7.1,0.46,1.9,0.077,28.0,54.0,3.37,0.64,10.4,6,Medium,0.5185185185185185
7.9,0.765,2.0,0.084,9.0,22.0,3.33,0.68,10.9,6,Medium,0.4090909090909091
8.7,0.63,2.7,0.096,17.0,69.0,3.26,0.63,10.2,6,Medium,0.2463768115942029
7.0,0.42,2.3,0.071,18.0,36.0,3.39,0.56,10.9,5,Medium,0.5
11.3,0.37,1.8,0.09,20.0,47.0,3.15,0.57,10.5,5,Medium,0.425531914893617
7.1,0.16,2.5,0.068,17.0,31.0,3.35,0.54,12.4,6,Medium,0.5483870967741935
8.0,0.6,2.6,0.056,3.0,7.0,3.22,0.37,13.0,5,Medium,0.42857142857142855
7.0,0.6,4.5,0.068,20.0,110.0,3.3,1.17,10.2,5,Medium,0.18181818181818182
7.6,0.74,1.9,0.1,6.0,12.0,3.36,0.59,11.0,5,Medium,0.5
8.2,0.635,2.1,0.073,25.0,60.0,3.29,0.75,10.9,6,Medium,0.4166666666666667
5.9,0.395,2.4,0.056,14.0,28.0,3.62,0.67,12.4,6,Medium,0.5
7.5,0.755,1.9,0.084,6.0,12.0,3.34,0.49,9.7,4,Low,0.5
6.6,0.63,4.3,0.093,51.0,77.5,3.2,0.45,9.5,5,Medium,0.6580645161290323
7.2,0.53,2.1,0.064,15.0,29.0,3.35,0.61,12.1,6,Medium,0.5172413793103449
5.7,0.6,1.4,0.063,11.0,18.0,3.45,0.56,12.2,6,Medium,0.6111111111111112
7.6,1.58,2.1,0.137,5.0,9.0,3.5,0.4,10.9,3,Low,0.5555555555555556
5.2,0.645,2.15,0.08,15.0,28.0,3.78,0.61,12.5,6,Medium,0.5357142857142857
6.7,0.86,2.0,0.1,20.0,57.0,3.6,0.74,11.7,6,Medium,0.3508771929824561
9.1,0.37,2.1,0.064,4.0,15.0,3.3,0.8,11.2,6,Medium,0.26666666666666666
8.0,0.28,1.8,0.081,28.0,68.0,3.36,0.66,11.2,5,Medium,0.4117647058823529
7.6,0.79,2.3,0.087,21.0,68.0,3.12,0.44,9.2,5,Medium,0.3088235294117647
7.5,0.61,1.9,0.073,24.0,88.0,3.3,0.53,9.8,5,Medium,0.2727272727272727
9.7,0.69,2.5,0.088,22.0,91.0,3.29,0.62,10.1,5,Medium,0.24175824175824176
6.8,0.68,3.9,0.068,15.0,29.0,3.41,0.52,11.1,4,Low,0.5172413793103449
7.0,0.62,1.4,0.071,27.0,63.0,3.28,0.61,9.2,5,Medium,0.42857142857142855
6.5,0.51,3.0,0.064,12.0,27.0,3.33,0.59,12.8,6,Medium,0.4444444444444444
8.0,1.18,1.9,0.083,14.0,41.0,3.34,0.47,10.5,5,Medium,0.34146341463414637
7.0,0.36,2.3,0.086,20.0,65.0,3.4,0.54,10.1,6,Medium,0.3076923076923077
7.0,0.36,2.4,0.086,24.0,69.0,3.4,0.53,10.1,6,Medium,0.34782608695652173
7.5,0.63,2.0,0.083,17.0,91.0,3.26,0.58,9.8,6,Medium,0.18681318681318682
5.4,0.74,1.2,0.041,16.0,46.0,4.01,0.59,12.5,6,Medium,0.34782608695652173
9.9,0.44,2.2,0.091,10.0,41.0,3.18,0.69,11.9,6,Medium,0.24390243902439024
9.1,0.76,1.7,0.414,18.0,64.0,2.9,1.33,9.1,6,Medium,0.28125
9.7,0.66,2.6,0.094,12.0,88.0,3.26,0.66,10.1,5,Medium,0.13636363636363635
5.0,0.74,1.2,0.041,16.0,46.0,4.01,0.59,12.5,6,Medium,0.34782608695652173
9.1,0.34,1.8,0.058,9.0,18.0,3.18,0.55,11.4,5,Medium,0.5
9.1,0.36,1.8,0.06,21.0,55.0,3.18,0.82,11.0,7,High,0.38181818181818183
6.7,0.46,1.7,0.077,18.0,34.0,3.39,0.6,10.6,6,Medium,0.5294117647058824
6.5,0.52,1.8,0.073,13.0,38.0,3.34,0.52,9.3,5,Medium,0.34210526315789475
7.4,0.6,2.1,0.083,17.0,91.0,3.29,0.56,9.8,6,Medium,0.18681318681318682
7.8,0.87,3.8,0.107,31.0,67.0,3.26,0.46,9.2,5,Medium,0.4626865671641791
8.4,0.39,1.7,0.075,6.0,25.0,3.09,0.43,9.7,6,Medium,0.24
9.1,0.775,2.2,0.079,12.0,48.0,3.18,0.51,9.6,5,Medium,0.25
7.2,0.835,2.0,0.166,4.0,11.0,3.39,0.52,10.0,5,Medium,0.36363636363636365
6.6,0.58,2.4,0.069,19.0,40.0,3.38,0.66,12.6,6,Medium,0.475
6.0,0.5,1.4,0.057,15.0,26.0,3.36,0.45,9.5,5,Medium,0.5769230769230769
7.5,0.51,1.7,0.084,13.0,31.0,3.36,0.54,10.5,6,Medium,0.41935483870967744
7.6,0.54,1.7,0.085,17.0,31.0,3.37,0.51,10.4,6,Medium,0.5483870967741935
11.5,0.42,2.6,0.077,8.0,20.0,3.09,0.53,11.0,5,Medium,0.4
8.2,0.44,2.3,0.063,10.0,28.0,3.25,0.53,10.2,6,Medium,0.35714285714285715
6.1,0.59,2.1,0.056,5.0,13.0,3.52,0.56,11.4,5,Medium,0.38461538461538464
7.2,0.655,1.8,0.078,7.0,12.0,3.34,0.39,9.5,5,Medium,0.5833333333333334
6.9,0.57,2.8,0.081,21.0,41.0,3.41,0.52,10.8,5,Medium,0.5121951219512195
9.0,0.6,2.0,0.069,32.0,73.0,3.34,0.57,10.0,5,Medium,0.4383561643835616
7.2,0.62,2.3,0.065,8.0,46.0,3.32,0.51,11.8,6,Medium,0.17391304347826086
7.6,0.645,1.9,0.086,14.0,57.0,3.37,0.46,10.3,5,Medium,0.24561403508771928
7.2,0.58,2.3,0.077,7.0,28.0,3.35,0.52,10.0,5,Medium,0.25
6.1,0.32,1.8,0.086,5.0,32.0,3.36,0.44,10.1,5,Medium,0.15625
6.1,0.34,1.8,0.084,4.0,28.0,3.36,0.44,10.1,5,Medium,0.14285714285714285
7.3,0.43,2.5,0.078,27.0,67.0,3.6,0.59,11.1,6,Medium,0.40298507462686567
7.4,0.64,5.4,0.168,52.0,98.0,3.28,0.5,9.5,5,Medium,0.5306122448979592
11.6,0.475,1.4,0.091,6.0,28.0,3.07,0.65,10.0333333333333,6,Medium,0.21428571428571427
9.2,0.54,2.3,0.112,11.0,38.0,3.24,0.56,10.9,5,Medium,0.2894736842105263
8.3,0.85,2.5,0.093,13.0,54.0,3.36,0.54,10.1,5,Medium,0.24074074074074073
8.0,0.83,2.0,0.08,11.0,63.0,3.29,0.48,9.8,4,Low,0.1746031746031746
7.2,0.605,1.9,0.096,10.0,31.0,3.46,0.53,11.8,6,Medium,0.3225806451612903
7.8,0.5,2.2,0.115,10.0,42.0,3.18,0.62,9.5,5,Medium,0.23809523809523808
7.3,0.74,1.7,0.094,10.0,45.0,3.24,0.5,9.8,5,Medium,0.2222222222222222
6.9,0.54,2.2,0.088,9.0,105.0,3.25,1.18,10.5,6,Medium,0.08571428571428572
8.0,0.77,2.1,0.079,16.0,74.0,3.27,0.5,9.8,6,Medium,0.21621621621621623
6.6,0.61,1.6,0.069,4.0,8.0,3.33,0.37,10.4,4,Low,0.5
8.7,0.78,1.7,0.415,12.0,66.0,3.0,1.17,9.2,5,Medium,0.18181818181818182
7.5,0.58,3.1,0.153,5.0,14.0,3.21,1.03,11.6,6,Medium,0.35714285714285715
7.7,0.75,3.8,0.11,34.0,89.0,3.24,0.45,9.3,5,Medium,0.38202247191011235
6.8,0.815,1.2,0.267,16.0,29.0,3.32,0.51,9.8,3,Low,0.5517241379310345
7.2,0.56,2.0,0.083,13.0,100.0,3.26,0.52,9.9,5,Medium,0.13
8.2,0.885,1.4,0.086,7.0,31.0,3.11,0.46,10.0,5,Medium,0.22580645161290322
5.2,0.49,2.3,0.09,23.0,74.0,3.71,0.62,12.2,6,Medium,0.3108108108108108
7.2,0.45,2.0,0.078,10.0,28.0,3.29,0.51,9.9,6,Medium,0.35714285714285715
7.5,0.57,2.6,0.077,11.0,35.0,3.36,0.62,10.8,6,Medium,0.3142857142857143
6.8,0.83,1.8,0.074,4.0,25.0,3.38,0.45,9.6,5,Medium,0.16
8.0,0.6,2.1,0.08,25.0,105.0,3.3,0.49,9.9,5,Medium,0.23809523809523808
7.1,0.755,1.8,0.107,20.0,84.0,3.19,0.5,9.5,5,Medium,0.23809523809523808
8.0,0.81,3.4,0.076,34.0,85.0,3.19,0.42,9.2,5,Medium,0.4
7.4,0.64,1.8,0.1,8.0,23.0,3.3,0.58,9.6,5,Medium,0.34782608695652173
6.6,0.64,6.1,0.083,7.0,49.0,3.35,0.68,10.3,5,Medium,0.14285714285714285
6.7,0.48,2.2,0.08,36.0,111.0,3.1,0.53,9.7,5,Medium,0.32432432432432434
6.0,0.49,2.3,0.068,15.0,33.0,3.58,0.59,12.5,6,Medium,0.45454545454545453
8.0,0.64,2.4,0.094,5.0,33.0,3.37,0.58,11.0,5,Medium,0.15151515151515152
7.1,0.62,1.3,0.07,5.0,12.0,3.17,0.48,9.8,5,Medium,0.4166666666666667
8.0,0.52,2.0,0.078,19.0,59.0,3.3,0.48,10.2,5,Medium,0.3220338983050847
6.4,0.57,3.9,0.07,27.0,73.0,3.32,0.48,9.2,5,Medium,0.3698630136986301
8.6,0.685,1.6,0.092,3.0,12.0,3.31,0.65,9.55,6,Medium,0.25
8.7,0.675,1.6,0.09,4.0,11.0,3.31,0.65,9.55,5,Medium,0.36363636363636365
7.3,0.59,2.0,0.08,17.0,104.0,3.28,0.52,9.9,5,Medium,0.16346153846153846
7.0,0.6,2.2,0.083,13.0,28.0,3.52,0.62,10.2,7,High,0.4642857142857143
7.2,0.67,2.2,0.068,10.0,24.0,3.42,0.72,11.1,6,Medium,0.4166666666666667
7.9,0.69,2.1,0.08,33.0,141.0,3.25,0.51,9.9,5,Medium,0.23404255319148937
7.6,0.3,2.0,0.052,6.0,24.0,3.44,0.82,11.9,6,Medium,0.25
7.2,0.33,1.7,0.061,3.0,13.0,3.23,1.1,10.0,8,,0.23076923076923078
8.0,0.5,2.6,0.082,12.0,46.0,3.43,0.62,10.7,6,Medium,0.2608695652173913
7.7,0.28,2.0,0.062,18.0,34.0,3.28,0.9,11.3,7,High,0.5294117647058824
8.2,0.24,5.1,0.062,8.0,22.0,3.22,0.94,10.9,6,Medium,0.36363636363636365
6.0,0.51,2.1,0.064,40.0,54.0,3.54,0.93,10.7,6,Medium,0.7407407407407407
8.1,0.29,2.2,0.048,35.0,53.0,3.27,1.01,12.4,7,High,0.660377358490566
6.6,0.96,1.8,0.082,5.0,16.0,3.5,0.44,11.9,6,Medium,0.3125
6.4,0.47,2.4,0.071,8.0,19.0,3.56,0.73,10.6,6,Medium,0.42105263157894735
9.9,0.57,2.0,0.104,12.0,89.0,3.04,0.9,10.1,5,Medium,0.1348314606741573
10.0,0.32,2.2,0.077,3.0,15.0,3.2,0.78,9.6,5,Medium,0.2
6.2,0.58,1.6,0.065,8.0,18.0,3.56,0.84,9.4,5,Medium,0.4444444444444444
7.3,0.34,2.5,0.064,21.0,37.0,3.35,0.77,12.1,7,High,0.5675675675675675
7.8,0.53,1.6,0.077,3.0,19.0,3.16,0.46,9.8,5,Medium,0.15789473684210525
7.7,0.64,2.2,0.077,32.0,133.0,3.27,0.45,9.9,5,Medium,0.24060150375939848
7.5,0.4,1.6,0.079,24.0,58.0,3.34,0.58,9.4,5,Medium,0.41379310344827586
7.0,0.54,2.1,0.079,39.0,55.0,3.39,0.84,11.4,6,Medium,0.7090909090909091
6.4,0.53,3.9,0.123,14.0,31.0,3.5,0.67,11.0,4,Low,0.45161290322580644
8.3,0.26,1.4,0.076,8.0,23.0,3.26,0.7,9.6,6,Medium,0.34782608695652173
7.7,0.23,1.8,0.046,23.0,60.0,3.41,0.71,12.1,6,Medium,0.38333333333333336
7.6,0.41,2.5,0.078,6.0,23.0,3.3,0.58,11.2,5,Medium,0.2608695652173913
7.8,0.64,1.9,0.072,27.0,55.0,3.31,0.63,11.0,5,Medium,0.4909090909090909
7.9,0.18,2.2,0.049,38.0,67.0,3.33,0.93,11.3,5,Medium,0.5671641791044776
7.4,0.41,1.8,0.066,18.0,47.0,3.37,0.62,10.4,5,Medium,0.3829787234042553
7.6,0.43,2.1,0.069,13.0,74.0,3.26,0.54,9.9,6,Medium,0.17567567567567569
5.9,0.44,1.6,0.042,3.0,11.0,3.48,0.85,11.7,6,Medium,0.2727272727272727
6.1,0.4,1.8,0.069,11.0,25.0,3.42,0.74,10.1,7,High,0.44
10.2,0.54,15.4,0.214,55.0,95.0,3.18,0.77,9.0,6,Medium,0.5789473684210527
10.0,0.38,1.6,0.169,27.0,90.0,3.15,0.65,8.5,5,Medium,0.3
6.8,0.915,4.8,0.07,15.0,39.0,3.53,0.54,11.1,5,Medium,0.38461538461538464
7.0,0.59,1.7,0.052,3.0,8.0,3.41,0.47,10.3,5,Medium,0.375
7.3,0.67,2.2,0.072,31.0,92.0,3.32,0.68,11.0666666666667,6,Medium,0.33695652173913043
7.2,0.37,2.0,0.062,15.0,28.0,3.23,0.73,11.3,7,High,0.5357142857142857
7.4,0.785,5.2,0.094,19.0,98.0,3.16,0.52,9.56666666666667,6,Medium,0.19387755102040816
6.9,0.63,1.9,0.078,18.0,30.0,3.4,0.75,9.8,5,Medium,0.6
6.9,0.58,1.75,0.058,8.0,22.0,3.38,0.49,11.7,5,Medium,0.36363636363636365
7.3,0.67,2.2,0.072,31.0,92.0,3.32,0.68,11.1,6,Medium,0.33695652173913043
7.4,0.785,5.2,0.094,19.0,98.0,3.16,0.52,9.6,6,Medium,0.19387755102040816
6.8,0.67,1.9,0.08,22.0,39.0,3.4,0.74,9.7,5,Medium,0.5641025641025641
6.9,0.58,1.9,0.08,40.0,54.0,3.4,0.73,9.7,5,Medium,0.7407407407407407
7.2,0.38,2.0,0.056,15.0,29.0,3.23,0.76,11.3,8,,0.5172413793103449
7.8,0.32,2.7,0.104,8.0,17.0,3.33,0.78,11.0,7,High,0.47058823529411764
6.6,0.58,2.0,0.062,37.0,53.0,3.35,0.76,11.6,7,High,0.6981132075471698
7.6,0.49,1.9,0.074,27.0,85.0,3.41,0.58,9.0,5,Medium,0.3176470588235294
11.7,0.45,2.2,0.073,7.0,23.0,3.21,0.69,10.9,6,Medium,0.30434782608695654
6.5,0.9,1.6,0.052,9.0,17.0,3.5,0.63,10.9,6,Medium,0.5294117647058824
6.0,0.54,1.8,0.05,38.0,89.0,3.3,0.5,10.55,6,Medium,0.42696629213483145
8.4,0.29,1.7,0.067,8.0,20.0,3.39,0.6,10.5,5,Medium,0.4
7.9,0.2,1.7,0.054,7.0,15.0,3.32,0.8,11.9,7,High,0.4666666666666667
6.4,0.42,2.3,0.054,34.0,64.0,3.41,0.68,10.4,6,Medium,0.53125
6.2,0.785,2.1,0.06,6.0,13.0,3.59,0.61,10.0,4,Low,0.46153846153846156
6.8,0.64,2.3,0.075,14.0,31.0,3.36,0.58,10.4,6,Medium,0.45161290322580644
6.9,0.63,2.4,0.076,14.0,39.0,3.34,0.53,10.8,6,Medium,0.358974358974359
6.8,0.59,1.7,0.063,34.0,53.0,3.41,0.67,9.7,5,Medium,0.6415094339622641
7.3,0.48,2.1,0.062,31.0,54.0,3.3,0.65,10.0,7,High,0.5740740740740741
6.7,1.04,2.3,0.067,19.0,32.0,3.52,0.57,11.0,4,Low,0.59375
7.3,0.98,2.1,0.061,20.0,49.0,3.31,0.55,9.7,3,Low,0.40816326530612246
10.0,0.69,1.4,0.084,8.0,24.0,2.88,0.47,9.7,5,Medium,0.3333333333333333
6.7,0.7,3.75,0.067,8.0,16.0,3.43,0.52,12.6,5,Medium,0.5
7.6,0.35,2.6,0.073,23.0,44.0,3.38,0.79,11.1,6,Medium,0.5227272727272727
6.1,0.6,1.8,0.071,14.0,45.0,3.38,0.54,11.0,5,Medium,0.3111111111111111
9.9,0.5,13.8,0.205,48.0,82.0,3.16,0.75,8.8,5,Medium,0.5853658536585366
5.3,0.47,2.2,0.048,16.0,89.0,3.54,0.88,13.5666666666667,7,High,0.1797752808988764
5.3,0.47,2.2,0.048,16.0,89.0,3.54,0.88,13.6,7,High,0.1797752808988764
7.1,0.875,5.7,0.082,3.0,14.0,3.4,0.52,10.2,3,Low,0.21428571428571427
8.2,0.28,3.0,0.104,10.0,22.0,3.39,0.68,10.6,5,Medium,0.45454545454545453
5.6,0.62,1.5,0.08,6.0,13.0,3.66,0.62,10.1,4,Low,0.46153846153846156
7.2,0.58,2.1,0.114,3.0,9.0,3.33,0.57,10.3,4,Low,0.3333333333333333
8.1,0.33,1.5,0.042,6.0,12.0,3.35,0.61,10.7,5,Medium,0.5
6.8,0.91,2.0,0.06,4.0,11.0,3.53,0.64,10.9,4,Low,0.36363636363636365
7.0,0.655,2.1,0.074,8.0,25.0,3.37,0.55,9.7,5,Medium,0.32
6.8,0.68,2.1,0.07,9.0,23.0,3.38,0.6,10.3,5,Medium,0.391304347826087
6.0,0.64,1.9,0.066,9.0,17.0,3.52,0.78,10.6,5,Medium,0.5294117647058824
5.6,0.54,1.7,0.049,5.0,13.0,3.72,0.58,11.4,5,Medium,0.38461538461538464
6.2,0.57,2.1,0.048,4.0,11.0,3.44,0.76,10.8,6,Medium,0.36363636363636365
7.1,0.22,1.8,0.039,8.0,18.0,3.39,0.56,12.4,6,Medium,0.4444444444444444
6.2,0.65,1.6,0.05,6.0,18.0,3.57,0.54,11.95,5,Medium,0.3333333333333333
7.7,0.54,1.9,0.089,23.0,147.0,3.26,0.59,9.7,5,Medium,0.1564625850340136
6.4,0.31,1.4,0.066,15.0,28.0,3.42,0.7,10.0,7,High,0.5357142857142857
7.0,0.43,1.9,0.08,15.0,28.0,3.35,0.81,10.6,6,Medium,0.5357142857142857
6.9,0.74,2.3,0.054,7.0,16.0,3.45,0.63,11.5,6,Medium,0.4375
6.6,0.895,2.3,0.068,7.0,13.0,3.53,0.58,10.8,6,Medium,0.5384615384615384
7.5,0.725,1.5,0.076,8.0,15.0,3.26,0.53,9.6,5,Medium,0.5333333333333333
7.8,0.82,4.3,0.083,21.0,64.0,3.16,0.53,9.4,5,Medium,0.328125
7.3,0.585,2.4,0.078,15.0,60.0,3.31,0.54,9.8,5,Medium,0.25
6.2,0.44,2.5,0.077,6.0,14.0,3.51,0.69,11.0,6,Medium,0.42857142857142855
7.5,0.38,2.3,0.106,5.0,12.0,3.36,0.55,11.4,6,Medium,0.4166666666666667
6.7,0.76,1.8,0.078,6.0,12.0,3.55,0.63,9.95,3,Low,0.5
6.8,0.81,2.0,0.07,6.0,14.0,3.51,0.66,10.8,6,Medium,0.42857142857142855
7.1,0.27,2.1,0.074,17.0,25.0,3.38,0.72,10.6,6,Medium,0.68
7.9,0.18,1.8,0.062,7.0,20.0,3.28,0.7,11.1,5,Medium,0.35
6.4,0.36,2.2,0.047,26.0,48.0,3.47,0.77,9.7,6,Medium,0.5416666666666666
7.1,0.69,2.1,0.068,19.0,27.0,3.44,0.67,9.8,5,Medium,0.7037037037037037
6.4,0.79,2.2,0.061,11.0,17.0,3.53,0.65,10.4,6,Medium,0.6470588235294118
6.4,0.56,1.8,0.078,17.0,65.0,3.33,0.6,10.5,6,Medium,0.26153846153846155
6.9,0.84,4.1,0.074,16.0,65.0,3.53,0.72,9.23333333333333,6,Medium,0.24615384615384617
6.9,0.84,4.1,0.074,16.0,65.0,3.53,0.72,9.25,6,Medium,0.24615384615384617
6.1,0.32,2.3,0.071,23.0,58.0,3.42,0.97,10.6,5,Medium,0.39655172413793105
6.5,0.53,2.0,0.063,29.0,44.0,3.38,0.83,10.3,6,Medium,0.6590909090909091
7.4,0.47,2.2,0.114,7.0,20.0,3.32,0.63,10.5,5,Medium,0.35
6.6,0.7,2.6,0.106,14.0,27.0,3.44,0.58,10.2,5,Medium,0.5185185185185185
6.9,0.48,1.9,0.082,9.0,23.0,3.39,0.43,9.05,4,Low,0.391304347826087
6.8,0.48,2.0,0.076,29.0,61.0,3.34,0.6,10.4,5,Medium,0.47540983606557374
6.0,0.42,2.0,0.075,22.0,47.0,3.39,0.78,10.0,6,Medium,0.46808510638297873
6.7,0.48,2.1,0.064,18.0,34.0,3.33,0.64,9.7,5,Medium,0.5294117647058824
6.8,0.47,2.2,0.064,18.0,38.0,3.3,0.65,9.6,6,Medium,0.47368421052631576
7.1,0.53,1.7,0.071,15.0,24.0,3.29,0.66,10.8,6,Medium,0.625
7.9,0.29,2.2,0.096,21.0,59.0,3.31,0.67,10.1,6,Medium,0.3559322033898305
7.1,0.69,2.1,0.063,42.0,52.0,3.42,0.6,10.2,6,Medium,0.8076923076923077
6.6,0.44,2.2,0.063,9.0,18.0,3.42,0.69,11.3,6,Medium,0.5
6.1,0.705,2.8,0.081,13.0,28.0,3.6,0.66,10.2,5,Medium,0.4642857142857143
7.2,0.53,2.0,0.058,18.0,22.0,3.21,0.68,9.9,6,Medium,0.8181818181818182
8.0,0.39,1.9,0.074,32.0,84.0,3.39,0.61,9.0,5,Medium,0.38095238095238093
6.6,0.56,2.4,0.064,13.0,29.0,3.42,0.62,11.7,7,High,0.4482758620689655
7.0,0.55,2.2,0.075,15.0,35.0,3.36,0.59,9.7,6,Medium,0.42857142857142855
6.1,0.53,1.9,0.077,24.0,45.0,3.6,0.68,10.3,6,Medium,0.5333333333333333
5.4,0.58,1.9,0.059,20.0,31.0,3.5,0.64,10.2,6,Medium,0.6451612903225806
6.2,0.64,2.5,0.081,15.0,26.0,3.57,0.63,12.0,5,Medium,0.5769230769230769
7.2,0.39,1.8,0.065,34.0,60.0,3.46,0.78,9.9,5,Medium,0.5666666666666667
6.2,0.52,4.4,0.071,11.0,32.0,3.56,0.63,11.6,6,Medium,0.34375
7.4,0.25,2.2,0.054,19.0,49.0,3.4,0.76,10.9,7,High,0.3877551020408163
6.7,0.855,1.9,0.064,29.0,38.0,3.3,0.56,10.75,6,Medium,0.7631578947368421
11.1,0.44,2.2,0.064,14.0,19.0,3.25,0.57,10.4,6,Medium,0.7368421052631579
8.4,0.37,2.3,0.063,12.0,19.0,3.17,0.81,11.2,7,High,0.631578947368421
6.5,0.63,1.8,0.059,16.0,28.0,3.36,0.64,10.1,6,Medium,0.5714285714285714
7.0,0.57,2.0,0.072,17.0,26.0,3.36,0.61,10.2,5,Medium,0.6538461538461539
6.3,0.6,1.6,0.048,12.0,26.0,3.55,0.51,12.1,5,Medium,0.46153846153846156
11.2,0.4,2.0,0.099,19.0,50.0,3.1,0.58,10.4,5,Medium,0.38
7.4,0.36,1.8,0.074,17.0,24.0,3.24,0.7,11.4,8,,0.7083333333333334
7.1,0.68,2.3,0.087,17.0,26.0,3.45,0.53,9.5,5,Medium,0.6538461538461539
7.1,0.67,2.3,0.083,18.0,27.0,3.44,0.54,9.4,5,Medium,0.6666666666666666
6.3,0.68,3.7,0.103,32.0,54.0,3.51,0.66,11.3,6,Medium,0.5925925925925926
7.3,0.735,2.2,0.08,18.0,28.0,3.41,0.6,9.4,5,Medium,0.6428571428571429
6.6,0.855,2.4,0.062,15.0,23.0,3.54,0.6,11.0,6,Medium,0.6521739130434783
7.0,0.56,1.7,0.065,15.0,24.0,3.44,0.68,10.55,7,High,0.625
6.6,0.88,2.2,0.066,12.0,20.0,3.53,0.56,9.9,5,Medium,0.6
6.9,0.63,6.7,0.235,66.0,115.0,3.22,0.56,9.5,5,Medium,0.5739130434782609
7.8,0.6,2.0,0.08,31.0,131.0,3.21,0.52,9.9,5,Medium,0.2366412213740458
7.2,0.695,2.0,0.076,12.0,20.0,3.29,0.54,10.1,5,Medium,0.6
6.7,0.67,1.9,0.061,26.0,42.0,3.39,0.82,10.9,6,Medium,0.6190476190476191
6.7,0.16,2.1,0.059,24.0,52.0,3.34,0.71,11.2,6,Medium,0.46153846153846156
7.0,0.56,1.6,0.077,25.0,42.0,3.34,0.59,9.2,5,Medium,0.5952380952380952
6.2,0.51,1.9,0.056,15.0,34.0,3.48,0.57,11.5,6,Medium,0.4411764705882353
6.4,0.36,2.2,0.23,19.0,35.0,3.37,0.93,12.4,6,Medium,0.5428571428571428
6.4,0.38,2.2,0.038,15.0,25.0,3.44,0.65,11.1,6,Medium,0.6
7.3,0.69,2.2,0.069,35.0,104.0,3.33,0.51,9.5,5,Medium,0.33653846153846156
6.0,0.58,2.4,0.075,15.0,50.0,3.58,0.67,12.5,6,Medium,0.3
5.6,0.31,13.9,0.074,23.0,92.0,3.39,0.48,10.5,6,Medium,0.25
7.5,0.52,2.2,0.06,12.0,20.0,3.26,0.64,11.8,6,Medium,0.6
8.0,0.3,1.6,0.081,16.0,29.0,3.3,0.78,10.8,6,Medium,0.5517241379310345
6.2,0.7,5.1,0.076,13.0,27.0,3.54,0.6,11.9,6,Medium,0.48148148148148145
6.8,0.67,1.8,0.118,13.0,20.0,3.42,0.67,11.3,6,Medium,0.65
6.2,0.56,1.7,0.053,24.0,32.0,3.54,0.6,11.3,5,Medium,0.75
7.4,0.35,2.4,0.068,9.0,26.0,3.36,0.6,11.9,6,Medium,0.34615384615384615
6.1,0.715,2.6,0.053,13.0,27.0,3.57,0.5,11.9,5,Medium,0.48148148148148145
6.2,0.46,2.1,0.074,32.0,98.0,3.33,0.62,9.8,5,Medium,0.32653061224489793
6.7,0.32,2.4,0.061,24.0,34.0,3.29,0.8,11.6,7,High,0.7058823529411765
7.2,0.39,2.6,0.066,22.0,48.0,3.3,0.84,11.5,6,Medium,0.4583333333333333
7.5,0.31,2.4,0.065,34.0,60.0,3.34,0.85,11.4,6,Medium,0.5666666666666667
5.8,0.61,1.8,0.066,18.0,28.0,3.55,0.66,10.9,6,Medium,0.6428571428571429
7.2,0.66,2.5,0.068,34.0,102.0,3.27,0.78,12.8,6,Medium,0.3333333333333333
6.6,0.725,7.8,0.073,29.0,79.0,3.29,0.54,9.2,5,Medium,0.3670886075949367
6.3,0.55,1.8,0.077,26.0,35.0,3.32,0.82,11.6,6,Medium,0.7428571428571429
5.4,0.74,1.7,0.089,16.0,26.0,3.67,0.56,11.6,6,Medium,0.6153846153846154
6.3,0.51,2.3,0.076,29.0,40.0,3.42,0.75,11.0,6,Medium,0.725
6.8,0.62,1.9,0.068,28.0,38.0,3.42,0.82,9.5,6,Medium,0.7368421052631579
6.2,0.6,2.0,0.09,32.0,44.0,3.45,0.58,10.5,5,Medium,0.7272727272727273
5.9,0.55,2.2,0.062,39.0,51.0,3.52,0.76,11.2,6,Medium,0.7647058823529411
5.9,0.645,2.0,0.075,32.0,44.0,3.57,0.71,10.2,5,Medium,0.7272727272727273
6.0,0.31,3.6,0.067,18.0,42.0,3.39,0.66,11.0,6,Medium,0.42857142857142855
